sweep_value,run,error_1,error_2,error_3,error_4
1,1,0.17189914081538582,0.2743781227174491,0.48213798359792903,0.7294672418622967
1,2,0.17291351438237715,0.2756468231760507,0.48672963912523637,0.731522688324687
1,3,0.13477642399534995,0.23988294832286403,0.49534946758530946,0.7286204824689055
1,4,0.11539820947953094,0.22680143272705583,0.45025332270897883,0.7148548755123619
1,5,0.1186028210217428,0.23079787089816006,0.45104540917736474,0.7037692027519608
1,6,0.11608289518978447,0.2550359597647735,0.48025021700953807,0.7160002823447277
1,7,0.15408985252681168,0.25285723651422254,0.4960774726863755,0.7304788517699667
1,8,0.12728081528815127,0.2303134743168196,0.4487268720208669,0.7189458676964252
1,9,0.1367809628556149,0.25671423343790434,0.4814145193054322,0.7191075847745045
1,10,0.22721160298775397,0.3174219704235006,0.5100069070548983,0.729664124292587
1,11,0.13774334235787233,0.2505680303843113,0.47127333291941503,0.7302442417804763
1,12,0.11898067255567103,0.24273830392748727,0.47678781751157934,0.7197919181073571
1,13,0.09158007910246471,0.20364365289648365,0.42696799035133637,0.7054993246784291
1,14,0.1396017122755263,0.24183335010248508,0.4983010985055006,0.7266748575501404
1,15,0.11693870904983555,0.22239681914931497,0.441495345263575,0.7161229886838771
1,16,0.1481502786640468,0.25143542489949156,0.46773226103524507,0.7298354297709199
1,17,0.10619760884710704,0.22380993766882123,0.4502999952449215,0.7022975387815793
1,18,0.21577109467820252,0.31251617856832997,0.503636885337685,0.7458350838018492
1,19,0.1296057792365337,0.23828139179497734,0.4574873231724551,0.7227482408266356
1,20,0.11161363494856459,0.2222106300422497,0.4691065536203787,0.7179329989392335
1,21,0.11780728440033914,0.2233161179543423,0.4381310164207866,0.7148498034838494
1,22,0.12110194920172315,0.22632234284143501,0.4488126128131888,0.7188559750008322
1,23,0.16068670696351497,0.269371769641547,0.48554631346758914,0.7325160964905524
1,24,0.13993776751373338,0.2539665823151171,0.469463318222118,0.7251904586903307
1,25,0.15622798950712988,0.25534369542299645,0.4738160577420971,0.7304572480143999
1,26,0.11158317757985714,0.21468502845174356,0.43942331463643247,0.7173627507102264
1,27,0.17354033724256215,0.27884950903575106,0.4901986689929571,0.7207506338226713
1,28,0.11555294538042801,0.2291017512205819,0.44267702323646824,0.7183393196803032
1,29,0.1646475539797548,0.27181001414384093,0.5084037983023686,0.7345493121042835
1,30,0.10961303122443793,0.2227129248566468,0.4442347302302684,0.6984693497962001
2,1,0.1350296558238424,0.21335759259595036,0.369236983363816,0.5494325145317808
2,2,0.14368698569452493,0.22532045998521774,0.391151472797674,0.5822355997030362
2,3,0.14025021597278498,0.20668134488636886,0.3886300735283867,0.5745613656474254
2,4,0.13477226270446171,0.19971789606744786,0.32881091477937235,0.5040323781816528
2,5,0.16009622850055005,0.22389590870339776,0.3482368701386751,0.5224287633763955
2,6,0.1603536899463381,0.22016736629255318,0.38246552760010566,0.5865150433874249
2,7,0.2184550168116395,0.2788143704185946,0.4039820483786621,0.5612605349236907
2,8,0.14633586474141685,0.2032949599191626,0.34100559669274455,0.5315883449218635
2,9,0.10657075843036534,0.16279220762127106,0.32074649941911154,0.4969228353842602
2,10,0.22327367135927717,0.31268084314647143,0.490897555178746,0.6752503439970099
2,11,0.11791535936602096,0.202639013328056,0.3719330239669052,0.5540341655358642
2,12,0.12594057245939372,0.2011918532652894,0.3899282804804516,0.6517851573259917
2,13,0.1723225875448702,0.2452229137255616,0.39606440406642784,0.6328291081541825
2,14,0.17566255620889226,0.2650888856672959,0.43458722138062317,0.6340959525651584
2,15,0.10279538753131483,0.17929828178069684,0.3274350320246861,0.5123775731738098
2,16,0.19984464980760153,0.25334116716289484,0.3828059802520868,0.5367391391040178
2,17,0.2106148710938128,0.2758562785537296,0.4185462542429585,0.5951397467886956
2,18,0.12787289300763663,0.21360869884863087,0.3710979386780565,0.5575647398454986
2,19,0.15295152889821018,0.25483656927507403,0.46284074764946886,0.7042225383627434
2,20,0.19690680989025897,0.2713512759901584,0.3959799113756923,0.5431184889003289
2,21,0.23611909704921819,0.3124189659617385,0.4799383830940443,0.7017073550065145
2,22,0.1306995671010601,0.2155614636800689,0.37504303738956807,0.5497692247329341
2,23,0.18675944139044823,0.2697810864191661,0.4177638029325267,0.6183237417708911
2,24,0.16665385969034788,0.23197604733868524,0.37137457235214966,0.5493662419176575
2,25,0.1814713676023246,0.2387066679537265,0.3587905365980497,0.527893493357323
2,26,0.12998285476281474,0.19031594890896758,0.3229186804522078,0.503470153297426
2,27,0.25412346738163666,0.31494085150402334,0.44966537667841217,0.6140192715859722
2,28,0.10141616335172313,0.1826744268404293,0.34682445061976575,0.5467573064765087
2,29,0.15344447558469929,0.23007144695587736,0.36206907402662675,0.5148121836205682
2,30,0.15469547285663585,0.22758532313086438,0.38855551658506693,0.5662582577155262
3,1,0.17531530207678864,0.29134039722241534,0.4561106913499472,0.6548388323966067
3,2,0.1454269630841302,0.1988889121152872,0.32390198626622646,0.4829775874995638
3,3,0.19399031653335957,0.233460345164248,0.31974467246455107,0.46685150656542457
3,4,0.17480097977590123,0.21521804252485818,0.31546847781284876,0.43687186760020913
3,5,0.13737665302586,0.1968047612369461,0.3546396132250592,0.5546309444322883
3,6,0.17456296430513524,0.22255464523712493,0.32588135690894776,0.4380148437718403
3,7,0.184273394827859,0.2329999268804719,0.34077945585537855,0.5076651824225137
3,8,0.10518709361940766,0.17670328378385072,0.32986593117493995,0.5158045461990076
3,9,0.1510804494514563,0.20853710994277594,0.32639510027797836,0.4794245143272539
3,10,0.2303205724946229,0.271122920944136,0.3717213942728631,0.484160437566021
3,11,0.2060131335232069,0.26765576562982546,0.3836087529559249,0.518812854949418
3,12,0.20766461320961818,0.24663747445036824,0.33624611898851114,0.4443863351247641
3,13,0.16263563128420833,0.21945767983011605,0.35594636932589796,0.5289806848933154
3,14,0.16017954622800862,0.22545303373258796,0.34578256795448303,0.5009517129534158
3,15,0.165842899537174,0.21266186737332898,0.3252857176329791,0.47850984394470203
3,16,0.16317280893422537,0.2084949216883992,0.32906407205759486,0.4582392410149296
3,17,0.22152216307825687,0.2558320351259804,0.33547416057632246,0.44433312604224345
3,18,0.21630230239292755,0.23695781243836436,0.34808835811947714,0.461794106773936
3,19,0.1353318548896928,0.21387795499522222,0.3774310201517029,0.564012281728601
3,20,0.20637735919700775,0.25361776608593145,0.36618143841409934,0.49232799284510315
3,21,0.20943846496665253,0.25720883590393684,0.37823273024114495,0.5253969285749983
3,22,0.11635069702395913,0.1879206008521247,0.33630201197807824,0.5282878004331172
3,23,0.17130092195267205,0.2020624466260548,0.30583106142244415,0.43190781191169547
3,24,0.18111049441700355,0.23327289772521118,0.34857438269495183,0.49878921430048717
3,25,0.23158534637460035,0.26376333935842927,0.3524489544381704,0.4430383652223426
3,26,0.18924294529636668,0.25862585200773375,0.41065473635284266,0.6097466700963463
3,27,0.18827628254766418,0.23628559212550068,0.3513683809221148,0.48247407340765425
3,28,0.17956893537119928,0.2254696070850649,0.34334017218754814,0.495681479453169
3,29,0.19349851667100787,0.2464992511991425,0.3527108720106353,0.510639856108342
3,30,0.1570089010691158,0.2562483286107036,0.44265722902438953,0.6956288292918166
4,1,0.17343625428994788,0.230064379060172,0.35678341005620556,0.5035470054534552
4,2,0.20254464829083452,0.242662148127991,0.3928846549964124,0.5462172367090076
4,3,0.14605883297331634,0.20435379214586327,0.3180586191507218,0.49698179088034805
4,4,0.19136881899817001,0.2206456907715881,0.31027444261064613,0.4058323092435326
4,5,0.18593299156416612,0.21324573488452,0.2826788561445995,0.38709270223013836
4,6,0.16443695721680304,0.2062501471394591,0.3231403849362908,0.43799036809554354
4,7,0.14796447494800238,0.19527006797327912,0.3029721401836589,0.4672433003738304
4,8,0.21035329480885273,0.24034828363930236,0.316401159398676,0.4272062226194997
4,9,0.25195647887897704,0.2868175763595532,0.3939846914263646,0.5031808901697188
4,10,0.24297442124414362,0.3043535617748586,0.4383705137397441,0.6136344939246043
4,11,0.16589419559847096,0.22457619661795283,0.36452680919317737,0.5347855968965559
4,12,0.1658285291988166,0.2133023848825183,0.33312124216949907,0.49446506971548676
4,13,0.14994254539650845,0.17848060992775455,0.2534270244834454,0.371719727520387
4,14,0.10177500183647253,0.1900260348326017,0.3661838428941771,0.6034683622772394
4,15,0.1962904243144189,0.22970736563201405,0.3113835491962185,0.4284558673396691
4,16,0.23428114400862707,0.26479636806551227,0.353230772968507,0.46639632797452396
4,17,0.17221978296380003,0.2277720678124908,0.3116533989561832,0.44285738292120985
4,18,0.174964920571758,0.2113576235750728,0.35415617324086035,0.4817635896041595
4,19,0.1517807069787055,0.2340294561097277,0.36071490887496327,0.5020056253812847
4,20,0.20305929110026497,0.25879955145850186,0.37996929166593707,0.5475325497526631
4,21,0.17443707352781143,0.20678070962531295,0.3145952398910045,0.4834362458750834
4,22,0.1884448373941873,0.22291255981291874,0.29679886841907704,0.388919384580273
4,23,0.21086065590729458,0.25277444065871324,0.32225157702652857,0.4380540708031675
4,24,0.194812527187983,0.22570718504156226,0.30909730560335225,0.4207802949794177
4,25,0.19180558092967578,0.23407444937747487,0.3592552869571387,0.46675830797753054
4,26,0.15335869532970256,0.2090584280490855,0.2955642949855112,0.43829502595732256
4,27,0.15690527675327126,0.2143752644899517,0.34250751858582223,0.4974431646015411
4,28,0.1502821856324013,0.19839821531430682,0.3205404604744227,0.438936067447884
4,29,0.14231903904228674,0.1850793200693222,0.32121219895184033,0.4508296055794429
4,30,0.23306938192382973,0.26896647779931143,0.3688171464739012,0.4885220149443472
5,1,0.11058486854594175,0.16481146433999597,0.27296189637970836,0.42480575043053986
5,2,0.21831084506352547,0.23461094536868288,0.31953767397494154,0.41254741720795723
5,3,0.13462262966264296,0.15660785116859816,0.22438851783156888,0.32246208381506264
5,4,0.2605278579143713,0.2923900167708387,0.36365146268012305,0.45491611412386246
5,5,0.1480703142664511,0.17058189236616067,0.25923163352334927,0.38866931184309406
5,6,0.21736647337997295,0.24269013088646996,0.2996589993638035,0.3821907417166762
5,7,0.2308996023459604,0.2569295469884785,0.2939206755337266,0.3747854505500825
5,8,0.19064619361989593,0.26261652590628093,0.3842466911674761,0.5289356785633191
5,9,0.13086289413069263,0.16759687830412195,0.254792215231814,0.3852779735458409
5,10,0.16696608114679434,0.20951668015455105,0.32639616895677337,0.46696213118183644
5,11,0.20582516468312145,0.24643257879759653,0.3508769307256923,0.4711731133562034
5,12,0.16748423520837677,0.21140483187181994,0.2964984488262323,0.41558454085258156
5,13,0.1834462651270003,0.2219831869435051,0.3040296486603968,0.4106349653571023
5,14,0.16135727889719625,0.1818174909672375,0.2734916422657451,0.3720042173108825
5,15,0.14767303343036603,0.20521702088558905,0.2965401082782499,0.41058430964741455
5,16,0.09304386532732929,0.1315514861991527,0.24790987864431813,0.37610681326539863
5,17,0.14045327472222702,0.19501466650350374,0.3167827799587461,0.46289774998471156
5,18,0.1978159172222676,0.22957533870045657,0.29687065799819534,0.3919025738424069
5,19,0.2485443551082678,0.25580051871528137,0.3430639367604504,0.4412104325364367
5,20,0.1614666604691351,0.20576917264155012,0.2947620976067596,0.42551492501948157
5,21,0.1768373289344924,0.20441448535919782,0.2928288941670319,0.39504597082222803
5,22,0.15361087775928506,0.17785365241953172,0.2518639736299456,0.36369891935686044
5,23,0.13866446887744543,0.1870129778497106,0.28000526342802207,0.42300225475937786
5,24,0.17233953544297217,0.18698880212078342,0.26763242063750814,0.41065754537234284
5,25,0.17857837226034692,0.20747711814316214,0.26662424074705765,0.35851985729317165
5,26,0.1559079024180309,0.19899351442457863,0.2931952835608381,0.4059837331572399
5,27,0.15510437746910072,0.20086629433763564,0.2981722528122562,0.424012808547908
5,28,0.21888389028665298,0.21841911437909448,0.2796580796225217,0.3794548840418172
5,29,0.1569709736762041,0.19014922043473553,0.26648797773444355,0.3703120912431061
5,30,0.13582353047790424,0.18229240076370548,0.29434360032777257,0.44996735936751703
6,1,0.17187454177113873,0.2042074485635124,0.2613633247363185,0.36011245718782753
6,2,0.16682840740505606,0.1921975144523931,0.27443734446666335,0.3741982896745006
6,3,0.16620375602880794,0.2065341547341004,0.3656755471675107,0.49862847261770077
6,4,0.17007546423249706,0.19465512711356406,0.26064120222999243,0.361291414230221
6,5,0.1708914596553617,0.2026827982913608,0.2725554556139299,0.3733728316510181
6,6,0.1113981408770138,0.14433429075801094,0.24244624195520745,0.35903298871976663
6,7,0.13907233411700484,0.17490156347396826,0.24835156283991247,0.3416194169453977
6,8,0.1427508774245622,0.16102619042879707,0.2944472534038975,0.43777833690728035
6,9,0.20917185051741372,0.25794692549749204,0.3737445729258277,0.5241172313661351
6,10,0.21526838656802055,0.2735255409696659,0.37927010642465153,0.5200269268976337
6,11,0.13241874452147925,0.16132281325594733,0.24168814169562874,0.3314988805449859
6,12,0.13914033088424477,0.16679311724429383,0.25868680329176535,0.36542990299940065
6,13,0.16743893499282736,0.2267680877791554,0.3394876903117121,0.4884759559034617
6,14,0.161727600389347,0.2200103337976771,0.3387399392310829,0.4903422126611343
6,15,0.24396353083849365,0.25350218905049415,0.2838412020660766,0.35594343434286724
6,16,0.1807060952355837,0.21267667766575826,0.28134841873191524,0.36568290222808897
6,17,0.1877541731275292,0.19705162196983866,0.2546641243194352,0.33324946947978407
6,18,0.2298376789562324,0.25323227063719495,0.31732439276288005,0.4063547195363656
6,19,0.1494787967222767,0.17734779850732654,0.24289369706617092,0.33725807814829284
6,20,0.13783567961098728,0.1776510835486121,0.26186738552878475,0.37982591051920245
6,21,0.2434255377214588,0.26871706255179517,0.3112035362327907,0.39499261537471503
6,22,0.16447180544167309,0.21764961691678603,0.3144215326166247,0.44559820341746287
6,23,0.13925293606732422,0.16996635940676916,0.26397027695805475,0.3592945020899009
6,24,0.1713301980976934,0.21559850686391607,0.2943033702568549,0.40131386930637825
6,25,0.20522048464780251,0.25086799575766466,0.3514229449111645,0.4733039309021772
6,26,0.16435809921917474,0.2008003046441596,0.2854905334185083,0.4027455320128421
6,27,0.15777309968576722,0.21239941411485674,0.3356239523768242,0.4695540875974842
6,28,0.16073193205009811,0.18244928504682828,0.24316671188197655,0.347051215513847
6,29,0.25651426208358014,0.26209183857456597,0.3027317669355713,0.3828260838430922
6,30,0.1630746286043804,0.19205951898190338,0.2637595512995019,0.3815172520160852
7,1,0.1476492037488035,0.18162454182225207,0.2529475542676535,0.3513325644140558
7,2,0.19017487264332655,0.2097333135452121,0.2926970197027337,0.39316316899491616
7,3,0.11853301909645035,0.16703470599127931,0.25558736921285274,0.36569109275436396
7,4,0.19851611232007738,0.22012156478041547,0.27759534801988395,0.3725756725017513
7,5,0.18845577113751483,0.21382096697688732,0.2793801201922003,0.34510989997499464
7,6,0.21250910132579315,0.21820269917377544,0.24730284448990372,0.3449227888201383
7,7,0.16532289270743805,0.18626780002529075,0.2326267087912385,0.3098106292506016
7,8,0.1926713792683483,0.22165048742013793,0.2850894195364043,0.35577784779113214
7,9,0.18841749022425014,0.2173006694190278,0.29017978498324937,0.42509541389036143
7,10,0.12944441029516884,0.16607522948783812,0.27493305826453684,0.4227990346028075
7,11,0.22362876265346238,0.25298395355979564,0.31653889914768496,0.41087943514319886
7,12,0.13717199133461455,0.17480943672972932,0.25654655860105546,0.36429452173075716
7,13,0.22408299571197215,0.2457466264456447,0.3154077538044897,0.4165575909817649
7,14,0.2313329649673066,0.24326823467895753,0.2625392292945751,0.31897701566643283
7,15,0.2171080617294527,0.22299074705642707,0.2944919171343718,0.36592748827911054
7,16,0.2557154382834354,0.27014024579593987,0.32702967224051344,0.4113140923726794
7,17,0.1844411014761943,0.19527982724756748,0.23962887330454097,0.3080213018761871
7,18,0.1764605504238205,0.21340558341625954,0.3155175648539069,0.43877590391183535
7,19,0.2136041230747547,0.23382242823688915,0.28483529980603617,0.3457753916271596
7,20,0.13602559931286423,0.15757424513470245,0.24114060617079358,0.34042688676171384
7,21,0.22913188258016284,0.2372272745341806,0.2649985141801607,0.31657126097238236
7,22,0.20214874086646972,0.2177806505700707,0.2670462689374297,0.3402432241401986
7,23,0.1756738892311376,0.21943730909946296,0.3164519793083564,0.4548138543939798
7,24,0.20124816310483118,0.22660498690750902,0.2703394678551502,0.34313827787845225
7,25,0.2579523426455599,0.2681581731483249,0.29726372031366743,0.3675044579354624
7,26,0.18841105887100523,0.21485230642940842,0.2914585798227638,0.39684140474880925
7,27,0.1817965961417302,0.213401768921437,0.28547604493875023,0.3877905251951942
7,28,0.12684177052608642,0.14827361183803173,0.21167447172650508,0.32509029014768026
7,29,0.17978305712591364,0.19167562873952435,0.2293799172953164,0.305388782501505
7,30,0.18504160978281442,0.20037943459525037,0.24043512237701822,0.3073641605956214
8,1,0.18815328496324762,0.19742327259310813,0.24476740802782126,0.3154087747848273
8,2,0.18135583994905077,0.19137222144201843,0.2711652963693526,0.35722756572916453
8,3,0.19475568134916094,0.20813861861408325,0.24255911904660651,0.29843325764354867
8,4,0.17491223254516328,0.1954490948436564,0.2661251000544528,0.34587721408494976
8,5,0.21464570767953559,0.2248267710425699,0.24635284656352763,0.3038239070132781
8,6,0.1697408111478461,0.18921123956950803,0.25058233292504134,0.34399250231090917
8,7,0.19718687062248316,0.23186751181332607,0.30381607973122954,0.38456856859040806
8,8,0.22987787746532348,0.23481463810208186,0.2680137520647409,0.3099758990283184
8,9,0.23591769602673973,0.24924413341346116,0.28068222788633623,0.3430346184233892
8,10,0.18204409982176512,0.20235834378369263,0.2513660301656914,0.3285624605070454
8,11,0.13138555665822077,0.1659985204857545,0.2638377917664053,0.36150422076962524
8,12,0.16171748123914684,0.1949195370761142,0.26494087073640715,0.36782554647201054
8,13,0.1601731623044466,0.17361141896705684,0.2582333780515336,0.38372476596975413
8,14,0.15651249229444347,0.1878718529416323,0.24571368994537127,0.368983997530662
8,15,0.23177728436636827,0.24778586137880884,0.29111895463691423,0.3608389110307989
8,16,0.15901729427816785,0.18572551572898507,0.23406642889245632,0.30138348074389143
8,17,0.1726211451647176,0.2051497188579372,0.28572219077344096,0.4114469489647897
8,18,0.2149636925242035,0.21948210750124333,0.24181401083555504,0.2974773714927756
8,19,0.13961937832921217,0.1779654772592405,0.26173830129343756,0.3726934482503787
8,20,0.24414668894059202,0.2568780051061131,0.2823827901195354,0.33748972674850203
8,21,0.26702374495073716,0.2901225789026521,0.3180564765669776,0.3640783194842679
8,22,0.1454253131962044,0.1718377500906838,0.21738311879623348,0.2865039698309558
8,23,0.1859939030549428,0.19152705465862319,0.21937149142352821,0.28477656203056184
8,24,0.1896797067402916,0.2031812055418892,0.24447375649931036,0.3055250026405734
8,25,0.14622926513374812,0.15512685724744177,0.22960632097087838,0.34178356932403275
8,26,0.15726587262858668,0.2075143684542527,0.32245950418016905,0.47256669005294977
8,27,0.20416137376618804,0.2172518030577663,0.2542327980525305,0.30795050572289684
8,28,0.19369131281639634,0.20667504726962277,0.23352928627101074,0.2951317613623086
8,29,0.21123277601529705,0.23550481908388152,0.29784697733047527,0.3711578162226446
8,30,0.1705312670451496,0.20127180969602804,0.2652353409562333,0.3660051160959919
9,1,0.23762497900384563,0.2408450205380951,0.28060015973986085,0.34348136788105654
9,2,0.18366447457588195,0.1910410097274695,0.21734923015411428,0.266682298385788
9,3,0.2664891032974625,0.27355584341264316,0.2948763012362985,0.33620829648805944
9,4,0.21419678693606956,0.22638852121650765,0.2558843512713765,0.30064022928542933
9,5,0.1553975495829255,0.18777571665167742,0.2565429386549677,0.34259566720883816
9,6,0.22577236493025515,0.2331113030917502,0.24320106885568885,0.29221810329510206
9,7,0.24052157396043863,0.24965833278882682,0.29902719248673826,0.3551603362300697
9,8,0.25187202409082704,0.26881399155059865,0.3063374965323714,0.3785646384462311
9,9,0.20068517584758172,0.22728842232181468,0.2814166732731909,0.3549563487431754
9,10,0.1551871079843743,0.1973369024788248,0.3053864668701702,0.4188623610051846
9,11,0.21373679167225873,0.22102133316417585,0.24506338886606568,0.2893465699365147
9,12,0.10509852411828248,0.14514829922229064,0.23879963872470195,0.3704217137000845
9,13,0.17254310881281343,0.1898742250674187,0.2295417952341027,0.31651235056611965
9,14,0.18181725810938776,0.2027023439075329,0.27159922664940955,0.3386774205869369
9,15,0.2489567582775079,0.2541295730302089,0.2775890142855988,0.3363655151513552
9,16,0.19775801069108853,0.2146144199394998,0.25591430177834507,0.32638086716484555
9,17,0.20915254157679497,0.21673997477484394,0.2500760161333541,0.3117452883589311
9,18,0.20507946954235956,0.2272316432798066,0.2895573466749783,0.3713896189337143
9,19,0.21455625691988614,0.21756858661098666,0.26417645239986054,0.32757615882328045
9,20,0.19512299980077902,0.2083627242262426,0.2414057825276195,0.30773604098582935
9,21,0.12397689038217968,0.15250229923736203,0.23054069354822387,0.3395877835882818
9,22,0.20535689574602597,0.21093380534263959,0.24537009361744036,0.29457097160172463
9,23,0.19213025282852406,0.22138104739461034,0.2632062047182496,0.3354548524039842
9,24,0.21186730159399317,0.2423802974993492,0.2997955571188918,0.38283694980595084
9,25,0.2442709061421202,0.2671616255354108,0.315488194932818,0.38636379167170126
9,26,0.15395976797455665,0.17724000629631634,0.22361463935974474,0.3010723406629066
9,27,0.2517326861791424,0.26536309150248694,0.2927595790121164,0.3436343257344358
9,28,0.20573952772822107,0.22694336938938514,0.2744486713156008,0.37247750179371425
9,29,0.1982473896931613,0.22097011296539393,0.28335240758715036,0.39350608398794984
9,30,0.15434887047947882,0.167544551624528,0.22752066666483686,0.30816220840910163
10,1,0.19744192988126535,0.23438913336106074,0.31341698906579035,0.41300750078051407
10,2,0.18459195594287003,0.20617923326736753,0.2454404308019405,0.3003710444444536
10,3,0.15044211547209765,0.18063614594643912,0.24798422064990358,0.3509508016970031
10,4,0.16464156405556163,0.18066344117648095,0.2223017744687477,0.2813778526723426
10,5,0.1872545402952049,0.20683963773524885,0.26147948795229303,0.3440463459132634
10,6,0.17172040065515157,0.19291871892232682,0.25159657649500244,0.3343973376771491
10,7,0.17806583049322378,0.19574162452788998,0.2336591995029212,0.3036053437793729
10,8,0.18658959772984804,0.2138641373458295,0.29653521010846384,0.3766345385915862
10,9,0.17412682280495295,0.19509908810838064,0.2516713829000439,0.33296410137267124
10,10,0.1717330972639963,0.19438131507963027,0.247342836838414,0.3358282613495061
10,11,0.17463704238930242,0.18611467489873648,0.22588430035237866,0.2902100219762871
10,12,0.16282108891372452,0.17979106292241742,0.2485955975461692,0.31172582635159307
10,13,0.194085463608443,0.20597385079750954,0.24363837644436756,0.30531256806166523
10,14,0.20808297915049995,0.22063311319450152,0.23794496906438412,0.2765147577861703
10,15,0.19167886004309856,0.21072255107930193,0.2689375564903985,0.34459022207818074
10,16,0.16467903439474801,0.18712007332046598,0.2237440252517074,0.2926839263579396
10,17,0.23081107255626993,0.24240241126540146,0.2640584507104991,0.3142856927649852
10,18,0.13176418520635313,0.15011150278850202,0.19432173490160526,0.2826475143243137
10,19,0.15193869890779207,0.1729186239022762,0.23347391523420716,0.3288311518758126
10,20,0.1823537651860113,0.20496203236238697,0.26729370789857587,0.3369951738837067
10,21,0.21122701011201506,0.21675810478770396,0.24598026488172187,0.3043388445977318
10,22,0.2244223920339101,0.22752138247446682,0.24465731640252555,0.2915710616981578
10,23,0.19903579646579247,0.19775067415945918,0.24272811715714204,0.28537416558122836
10,24,0.21437880445605775,0.22779125239994455,0.26946520634782073,0.32077717104615616
10,25,0.17427160375001927,0.19322360124573634,0.22887767913150503,0.3041332201351531
10,26,0.1808651828139377,0.19476228935799522,0.23138761288972567,0.28726013874679684
10,27,0.16614055291029864,0.17693477850912992,0.22605986407357398,0.29441575768306855
10,28,0.15710193058017397,0.17391299519742073,0.22624660501493632,0.3031318412766251
10,29,0.1966000131223748,0.2060475830680998,0.23562589082346796,0.2872500782250325
10,30,0.1216047562216043,0.15063330130844535,0.20985549072393972,0.2863200353481737
11,1,0.15390165924669924,0.18093744900622266,0.24287487328062987,0.3049416982984463
11,2,0.183452854535836,0.2052765759695518,0.26217649610426164,0.3426531509044312
11,3,0.19994579738924212,0.180268422872308,0.21974200069462183,0.27841350037194684
11,4,0.17062684019532656,0.1800562578663844,0.23060464544435774,0.3042408009177673
11,5,0.23491527297087902,0.2349862062385233,0.2508924727024508,0.2809457102095874
11,6,0.21582115823888665,0.22888474012863624,0.2463198313489649,0.2851558490025486
11,7,0.2272007555766915,0.2200813256344945,0.22708432925568423,0.26168207775770147
11,8,0.1628542376860357,0.18100509366022366,0.22794059665112537,0.3254473949683738
11,9,0.18541446135655829,0.1930793641611516,0.2221935789560976,0.27640317902949096
11,10,0.2709111775313457,0.27929729873706927,0.29893097724075673,0.35924065063737853
11,11,0.21961374766511083,0.23970104586958627,0.30203240055159636,0.42354327012471976
11,12,0.1686967701422688,0.1756992686301211,0.2180863037540036,0.2718521822140385
11,13,0.1899022307405964,0.19472119481566477,0.2227843569498674,0.27900461399604787
11,14,0.1859534442770286,0.18820481934027072,0.20321121079732885,0.25461942604623133
11,15,0.12629532053923814,0.15946749986945943,0.1982207420708148,0.2897912300458122
11,16,0.18431470706463643,0.19409504384196705,0.21544607081836037,0.261394654693219
11,17,0.1184219064748163,0.14263977056566265,0.20010329415244243,0.2897341531801139
11,18,0.19387878992866564,0.21224632816964326,0.2686383440246655,0.3511814896675066
11,19,0.19484021074907207,0.21102677311082746,0.25253991987514274,0.3215733016261617
11,20,0.2267262174770468,0.2328115283770712,0.26929034518711725,0.31745440495477956
11,21,0.17884827465801764,0.19098466232019204,0.22810636111872232,0.2886158456691632
11,22,0.22821721358562572,0.2327821331848865,0.24456120368941758,0.2845905500238036
11,23,0.19050751721101447,0.2056000513716825,0.24286150360065203,0.3100753472501259
11,24,0.1876371094142893,0.20319169180698876,0.23553431617369286,0.29949532575034055
11,25,0.1933819651379269,0.21974714046329433,0.2610257490230152,0.3315080504852077
11,26,0.24874904604118223,0.2558465573714641,0.2625016508181177,0.29620168790629137
11,27,0.15117331517361718,0.15628322125232377,0.18345171095685522,0.23664757052176316
11,28,0.1655639767290567,0.20029907830354926,0.27415747578261745,0.38397945121309324
11,29,0.20392136295397537,0.2200235126976314,0.2492921656727736,0.3185188985303219
11,30,0.1412587480367673,0.1511207022184886,0.19613550241607752,0.26156263807213176
12,1,0.20615934409244377,0.21577870369222402,0.24665243962671551,0.307171657775468
12,2,0.21212966896631777,0.22387632344295744,0.25560253462032934,0.30551991915215687
12,3,0.18659628178462648,0.2025822654771575,0.24368028945706632,0.31299536917686493
12,4,0.19738751016234632,0.21337998787220328,0.25165914751050417,0.325477733207399
12,5,0.18010633854941274,0.20128021052993456,0.24217687484146275,0.320913726536842
12,6,0.18904825438880318,0.1893039311660183,0.2190682366700847,0.28111390715877627
12,7,0.17850133285578224,0.18957295236030114,0.21790574128145315,0.2740282547703704
12,8,0.16828317815259208,0.18365032644977186,0.22566866401449917,0.29142968977716827
12,9,0.1917220283635194,0.20608075113839897,0.2440401056996478,0.30788618431056014
12,10,0.17221777074963654,0.1848542339359383,0.21604425453439272,0.27256481519117615
12,11,0.1769691868132415,0.1778830846970825,0.19899129188878886,0.24695876751811008
12,12,0.25399028701475646,0.26191246763254145,0.2721307229609018,0.29159955910389884
12,13,0.15359859371039897,0.16069916521298355,0.22226575512038202,0.296921037163534
12,14,0.2150753525967751,0.22450024285087067,0.25877959506061166,0.32130468255234124
12,15,0.21282465900861214,0.22216169908334052,0.2515094053493125,0.3278384277440621
12,16,0.16930596140369025,0.18997842930759712,0.23119123243539158,0.3100282816927885
12,17,0.20199033121719412,0.2246860445684366,0.2769432268895926,0.35184593990617186
12,18,0.18927679223925917,0.19128245988202708,0.2183415213288282,0.27470447150160326
12,19,0.19272225450825028,0.18932362620992596,0.21211140878100712,0.24624434703014147
12,20,0.17106832631305732,0.1648351718234437,0.1920689495217285,0.24616047722207146
12,21,0.14933563412916842,0.16351988551180688,0.21472793709027604,0.3086242218208215
12,22,0.14797560092447276,0.1680178493886188,0.23288127908217648,0.32432552199224995
12,23,0.19266156892683933,0.20238753080431232,0.23629252197797931,0.2936099989623219
12,24,0.15678977570114108,0.18527319802918785,0.23107895144336646,0.30299171976269906
12,25,0.21613308263024764,0.22424812378659592,0.25116511979842404,0.30122811431638274
12,26,0.1958543919684754,0.20123241689167756,0.23314858315700604,0.278269335293019
12,27,0.1452387812633625,0.16876846181189548,0.20269421525898002,0.29109180010815305
12,28,0.21741977489794775,0.23228474258314225,0.2395075563673927,0.2852120543846934
12,29,0.21887006753267332,0.21637461937103486,0.2235747154820357,0.2489911074560259
12,30,0.20483128358756197,0.2171254722744589,0.24443437777999014,0.28441207864913076
13,1,0.1459938916531242,0.16424744670573235,0.2007315104161823,0.24403654270412387
13,2,0.22254273501028013,0.23900085930389225,0.26669474885549665,0.32990501672867306
13,3,0.18851486723191957,0.19058515487212965,0.21640084746128302,0.26843587508734634
13,4,0.21358025889022444,0.22771838214422874,0.23771992037635298,0.26135254593317137
13,5,0.13809418343038704,0.13990799473654253,0.1814681541678172,0.2555256466080163
13,6,0.17366489372860683,0.19004793876967938,0.2401754753448256,0.30056459224265364
13,7,0.18330546355379665,0.18508329396410433,0.22610186501443574,0.28889544438543285
13,8,0.2155011317669916,0.2293031510797604,0.2648463328686156,0.3236429259189506
13,9,0.18860145724145513,0.20101213682186095,0.23567518862563386,0.28376120099878177
13,10,0.17817531811002094,0.1842119148382258,0.21530857907125314,0.2611936015826243
13,11,0.2678822579619307,0.27396450444272963,0.29275319446025794,0.3219665229681858
13,12,0.20121293234645413,0.21750866242768774,0.24954340472491596,0.29863280059178643
13,13,0.22603466795690602,0.2256674698733278,0.22813222404578762,0.255635463672038
13,14,0.2037769566535749,0.2269115495272883,0.262504996544077,0.30914869008453605
13,15,0.1850173813242318,0.19145155289980248,0.19778150986986026,0.22988551598286547
13,16,0.14520538468283314,0.1612352803642355,0.20098036524549676,0.2735425451277579
13,17,0.24430849539164068,0.25001564259295844,0.2677851671405271,0.29011953777087546
13,18,0.20969439395201053,0.24678993673023927,0.276698134753021,0.32460778966916043
13,19,0.1879780635156048,0.1920045161148379,0.2221208872082458,0.2895970365220859
13,20,0.23591396271127046,0.2480104801642547,0.2744301265544694,0.32353880818968306
13,21,0.20668764465763192,0.20899970314479693,0.2326930261529325,0.25870095735223947
13,22,0.20722033720175392,0.20944245922307553,0.23183242749510105,0.2704683267500921
13,23,0.20854700358677172,0.21124520707992853,0.2408841825486495,0.2670154294079163
13,24,0.2031782009143192,0.20462007139693833,0.20334508893709607,0.22913318054272214
13,25,0.22769203516137052,0.23368400828019087,0.23621153190395744,0.2579972337964358
13,26,0.22620046517946696,0.23372758322845794,0.2579263998302388,0.3036769121865095
13,27,0.15849832129520847,0.1537979196746594,0.1978677405820224,0.26727711329808684
13,28,0.20906425903743658,0.2117428744242018,0.2353975089387369,0.29663868223571893
13,29,0.1934817833936495,0.20256557949261925,0.23741449622682478,0.26844455429433683
13,30,0.2106059626452759,0.21862508267474529,0.23005090144751375,0.2582411834423883
14,1,0.24017360074034072,0.24304483814610306,0.2570731110145593,0.28996080159219656
14,2,0.1999194192999275,0.21972722533821812,0.24498479281499502,0.29588225248950756
14,3,0.23032983682272384,0.25743886086426954,0.335786820773698,0.42278449116998
14,4,0.1368522158116052,0.13978969519961762,0.16249024955461763,0.21198879196249323
14,5,0.2157830443068014,0.22094658249949606,0.24184080299749675,0.26622108722230337
14,6,0.21996417828361722,0.23008889864124277,0.25709528007957005,0.30022789138235145
14,7,0.17295382798982314,0.17856253857440627,0.20380577514445467,0.25747572783126405
14,8,0.18180987842893032,0.199180584953461,0.22890752849465057,0.276917185783533
14,9,0.22727826486737462,0.22155881946705233,0.23899129924698184,0.2776731804027732
14,10,0.18162089554187336,0.18237911843455962,0.19440740777745336,0.2278347964402022
14,11,0.22199922210498754,0.22142965186754673,0.22526795477274894,0.26095189974501604
14,12,0.20100965951470812,0.20292994989415672,0.216938996307537,0.252413548995727
14,13,0.17232294628206032,0.20309381356321937,0.24739294103839093,0.30809777677577516
14,14,0.18679502660564812,0.1992263981349964,0.2383528812944719,0.3068806315866951
14,15,0.18812103314653922,0.19481623971776776,0.2167671860835709,0.25478892446913337
14,16,0.22021512324356995,0.21734578238147054,0.23059389607901157,0.27176112188741197
14,17,0.1987056210274063,0.2017546128536761,0.22588187880338428,0.2569512568706786
14,18,0.1854602010729332,0.19787786841549093,0.2261047348846825,0.2816461374421757
14,19,0.1470718545071544,0.16383689165400112,0.1996942351335077,0.2492874745516594
14,20,0.21288573653484114,0.23425365091694597,0.26780201130251186,0.31553212974356365
14,21,0.1799313169432615,0.19173543743768556,0.2289622808633815,0.2798274372441208
14,22,0.14234808090131376,0.15216906728598892,0.18633326315632115,0.24861225926742095
14,23,0.18886326890401642,0.2038644087763071,0.2713160795405842,0.35021159650124806
14,24,0.22366193420296257,0.22376521995781412,0.22870482658180183,0.24816154223006315
14,25,0.20730236055408915,0.21168059398107392,0.21682019140739786,0.2572404274092283
14,26,0.16368075938577892,0.17471419357368634,0.19683131796354766,0.25966041009568
14,27,0.19844064993155178,0.216404627050273,0.24126468551143251,0.29837044282483893
14,28,0.19418109650000345,0.20242788566404316,0.26213055131572516,0.3034433840064783
14,29,0.23322531390647233,0.24092176450137168,0.2545414241080461,0.28340552789443063
14,30,0.18360493393031257,0.19283627402051218,0.2187988471976827,0.25845419007599746
15,1,0.2111576178220042,0.21879808462322803,0.25340590382862405,0.3090897756183909
15,2,0.2260844634501048,0.22078137551796828,0.25029861782680346,0.28775367694842396
15,3,0.20932265477746695,0.20909792746608036,0.23071935336039712,0.303242944014464
15,4,0.1924910124372595,0.2008564357367604,0.21959457824428286,0.2814171061938483
15,5,0.2627630230991245,0.2687189442392116,0.26928459314505343,0.28818670479829905
15,6,0.19250286708478712,0.2025621384523473,0.21767408086923346,0.2913830532564543
15,7,0.16704260113136216,0.17805076430568675,0.21990397899710692,0.263281841352546
15,8,0.19541274807147993,0.19865391918238579,0.21405678589507532,0.25239579903408965
15,9,0.22328119766106044,0.22779075746473867,0.2475694059247323,0.2914241867700327
15,10,0.1600356403622272,0.1664393341605848,0.18741577297873754,0.23750150884657834
15,11,0.18475061627317443,0.20939206069424732,0.2569563553221449,0.3705207744585201
15,12,0.22130508384745182,0.22594789396497983,0.23794049358325636,0.26405317509312115
15,13,0.25544979102234044,0.25752262645226837,0.26352477188176404,0.2802806244217328
15,14,0.15511781931047364,0.17095043286555217,0.2465265026817579,0.31726942325334345
15,15,0.14420762550051094,0.15690205530551798,0.19880502693373744,0.259268760966389
15,16,0.18283283379242443,0.18352511719405892,0.19529872183053484,0.22265052117505368
15,17,0.253805403566032,0.24955642725972113,0.25270040806334176,0.25708353340324136
15,18,0.20078100527366263,0.20586401540659374,0.22212056114853573,0.26978763356406993
15,19,0.1659334843481665,0.1755085818600515,0.1797487561832344,0.22919619199195976
15,20,0.17324267434248825,0.18013128180834714,0.21995578977693336,0.2785458871294156
15,21,0.1861566446195737,0.18911977256051737,0.2135066492815216,0.263336950791134
15,22,0.1660530697625289,0.18010340255618074,0.21941595709650621,0.3000504454950599
15,23,0.2162950987016047,0.22934980630483637,0.24447378577031084,0.3055664238805654
15,24,0.17505874724667275,0.18031916510084686,0.2093810967455435,0.2687925648777513
15,25,0.22691070608053376,0.22226209082241222,0.2224994638462886,0.23726767610771882
15,26,0.18436438221004098,0.1981773496104284,0.22209544924700148,0.2779718958996475
15,27,0.22307697762185652,0.2258289201215021,0.21834767268205563,0.23068627294642324
15,28,0.22618981131898314,0.24314578811260482,0.27616853730764834,0.33099418037682454
15,29,0.24578486140868877,0.24617215769437875,0.23786926954130827,0.2606152169798231
15,30,0.1742623157250803,0.18591972957416428,0.2116181522815758,0.25836784773531496
16,1,0.21987098954232112,0.22534080288809377,0.23941524036430878,0.2644627129980794
16,2,0.22038901471922842,0.23059509906141026,0.2617912192785579,0.3300915896489806
16,3,0.24041161028816163,0.2424606719443359,0.24565259828834743,0.25705382237425956
16,4,0.2234856893296413,0.23016913674397055,0.24850915773855514,0.2696292412390471
16,5,0.18564909006976246,0.18952979872343467,0.21653155129394758,0.24375345216377012
16,6,0.1566553905762926,0.16989111757304293,0.19069141444599977,0.2392154375640182
16,7,0.2450667415316245,0.24632183299966395,0.2597043956228304,0.285629856728127
16,8,0.21259936898063994,0.2187326600411616,0.24027745163236905,0.2695788892308995
16,9,0.15900149268091723,0.16565881011933825,0.2038295283299825,0.25304767014109547
16,10,0.22295046117358694,0.2273955982797766,0.2423617498268405,0.26166062960446623
16,11,0.15632172083560186,0.16646241187402677,0.1786209645560918,0.2224511454211334
16,12,0.13828088838757654,0.15209338795086033,0.18881765806024145,0.24597246866668343
16,13,0.18146922032621385,0.18761427863351401,0.20673933454826982,0.2574732179760483
16,14,0.1973246910411444,0.1949661888300146,0.22645050328306338,0.29275542403666255
16,15,0.21350202273728253,0.22205027413889555,0.23680142407374663,0.2659297516385188
16,16,0.1901451876349656,0.20032883721726255,0.19478366914896508,0.21673924456959498
16,17,0.20704506841685968,0.2139673822620961,0.2212188911515027,0.25059257101850146
16,18,0.15168728205264134,0.1430217388244931,0.15393363435172822,0.21532325876556088
16,19,0.20706726753048055,0.20967795014039195,0.22013539436740567,0.2360271251190322
16,20,0.2027777248309497,0.22042606117102634,0.22057016489280182,0.2597818019554138
16,21,0.23085960479834816,0.23595901804608924,0.24833885212074427,0.27394101280023375
16,22,0.1932607490822339,0.20593026285537036,0.2960095452037565,0.3810470716708015
16,23,0.1704431548762518,0.1821239268388213,0.23567563712456657,0.3153979938475639
16,24,0.15163884757896065,0.1684664612368272,0.21675712495317281,0.2635229379960168
16,25,0.19700101088532868,0.20021117405269398,0.21154246837604737,0.23479758159669964
16,26,0.15480054680047367,0.16352259318256135,0.20056597207388321,0.24815117925882235
16,27,0.18434756482028075,0.18385583743336842,0.20822407312950583,0.22375059769402286
16,28,0.17317941212748167,0.20268869281304633,0.25566146757225805,0.30783099542134656
16,29,0.18245029760381257,0.2094730001917511,0.24137024041005314,0.31077339192407194
16,30,0.1645948332349604,0.17408499129097804,0.20611270425341988,0.24608035857527796
17,1,0.21132833632047932,0.2135442286325853,0.22204008086781346,0.24646359368837556
17,2,0.19984247198345723,0.2058550280751224,0.22714096469392314,0.26103741397784275
17,3,0.1941686500784503,0.21241645663711312,0.24698063250386298,0.29584397211547786
17,4,0.16803451614537254,0.17087957039669135,0.17774010186836492,0.2096765480359111
17,5,0.1828199365250654,0.18523118806129138,0.1957049805382929,0.22562495337218907
17,6,0.20585510989370973,0.2170342975355721,0.24380272073815193,0.2882299230120804
17,7,0.2615561253575561,0.2653664897431164,0.2567825917774389,0.28357217235649934
17,8,0.24904329923794638,0.24374533920161867,0.24182430710018676,0.2607857872424
17,9,0.22292196110254844,0.2298523440350292,0.23945601058168794,0.2687795468531911
17,10,0.20901164750403442,0.21283593167083,0.22756253954688438,0.2538713603315469
17,11,0.18773033161309022,0.1834409367891317,0.19637395836570032,0.23905280633312548
17,12,0.2016598276466551,0.19822766575389866,0.2081101791416228,0.25930482854700093
17,13,0.22265900734505925,0.2249741243906168,0.2513602086314904,0.28432889910081666
17,14,0.203154645545752,0.19937950024543202,0.20370466439692128,0.22869297303276737
17,15,0.19982531292056444,0.2220095597995071,0.26863190172436124,0.33580870481807507
17,16,0.1577832032740808,0.1661381121781112,0.19113994599676143,0.23315516579266038
17,17,0.18573035092147638,0.18732961358128375,0.18407297354826962,0.22144808962163628
17,18,0.23764912601800428,0.2352872042441047,0.24567771843930944,0.2551398818361577
17,19,0.2514154611804108,0.24642348405010678,0.23883513126606987,0.2550653396795431
17,20,0.20834509465231357,0.21861465000219288,0.2279882093774145,0.25168447610822997
17,21,0.20853375496983265,0.21066964001039198,0.22115092495143823,0.2521501850125682
17,22,0.22913289610376275,0.22837124167022405,0.2380799149230113,0.2815165441342354
17,23,0.1821506371398514,0.1929659038309404,0.21948224575641484,0.26629489725543315
17,24,0.18928870329757827,0.1852504048388509,0.2053020347528874,0.24604788719328718
17,25,0.22046204603097672,0.22416103765589745,0.2425375291847025,0.2807909395882669
17,26,0.18588026602538504,0.1925622726285175,0.20654536268455062,0.2289434691665829
17,27,0.19069014462930295,0.1909152728268752,0.22003927993736955,0.26954106064317057
17,28,0.21335842171693503,0.2075282951985993,0.20066188328186052,0.2143338751972443
17,29,0.1803913278521339,0.18258819281903924,0.19695350400577286,0.23503315295995825
17,30,0.23145115798260937,0.23000941033344935,0.22862378756082571,0.2404578698738387
18,1,0.1641233692851118,0.1771955080545721,0.20801803221171158,0.2541920855633994
18,2,0.2024802533103175,0.21214202616031294,0.22056732657881617,0.25147445866470325
18,3,0.16347539616151263,0.17742183671789363,0.20468564507616882,0.2554085722537295
18,4,0.16431836862239632,0.18447513012416727,0.20551560750701936,0.25847302275671397
18,5,0.2407858813147388,0.23595329901785647,0.2326654467833284,0.24833850039117314
18,6,0.192706869642068,0.20282452590508226,0.2159898014120521,0.25314162906342835
18,7,0.23556211168487973,0.2270794398602169,0.25497547253340774,0.2885533338551043
18,8,0.19981416471421307,0.21044020742344657,0.2146927408681828,0.25651461889523247
18,9,0.19817842760979296,0.1986348789621016,0.20872105859310122,0.2310500975313884
18,10,0.22953480075750973,0.2269091974630855,0.24202918367383328,0.2631474420320211
18,11,0.24715501586972324,0.24523166135241634,0.2814804951844087,0.3129049034733692
18,12,0.20455519614825335,0.20654791629784885,0.21835249270758514,0.23889201881082642
18,13,0.23070553095450835,0.23655549173799525,0.2460437812398941,0.25858175685214113
18,14,0.15526260418115928,0.16709080473267393,0.19527193957980243,0.2362821980568798
18,15,0.1556128625133862,0.1664881117684542,0.207006010497339,0.2583345980095823
18,16,0.15878354689202498,0.1611747838294507,0.1863745085434256,0.2119613946909797
18,17,0.1963869127194831,0.19428053924283997,0.1968497675496458,0.2229647195972498
18,18,0.20372617581447133,0.20234600520614285,0.2003348319945611,0.2193512342644781
18,19,0.21620323228077876,0.22200966144932566,0.23395725935421793,0.25891738407481457
18,20,0.18912741564819185,0.1929853565211236,0.20440995585081326,0.23978353910330083
18,21,0.18034013489202844,0.1806924695800067,0.19973352023756635,0.21870479930613226
18,22,0.24151172999635534,0.23333780885810199,0.2343472017374503,0.23903545739579402
18,23,0.18572255104145236,0.18703951900923055,0.20552933801183584,0.2473292620207239
18,24,0.23490320402235013,0.23164803403889625,0.22950269329030087,0.2339220786815752
18,25,0.16116304424234193,0.1646165290515977,0.19569026708597212,0.23765190358414376
18,26,0.19301214018814417,0.19904603984624675,0.21382165344120524,0.26747170227591577
18,27,0.171646908408362,0.1706027960604574,0.1990198635395694,0.2354942747397466
18,28,0.2297547364979188,0.23268300631398303,0.2614483885715424,0.2889847056229573
18,29,0.233853418929036,0.23325573880620798,0.25344152683313953,0.2826891868577131
18,30,0.22053160997777657,0.2168897762960741,0.21600904779565414,0.24329773374580138
19,1,0.2098978619850625,0.2114036599917777,0.21724770935223572,0.24115530249179148
19,2,0.2183405396000133,0.21964095183040586,0.21835768335057054,0.25192039312571857
19,3,0.17154813306136743,0.17614833979272174,0.19474428273414404,0.2420909073274126
19,4,0.24115353516048746,0.24503959499201594,0.23992801906314917,0.2526991996456215
19,5,0.15981845640681544,0.16597363038243443,0.18878151243845956,0.22177181757331302
19,6,0.21582203977635261,0.2203911004542574,0.21840949144717442,0.2376211303328871
19,7,0.21381172860638836,0.21605803882474098,0.21877977864468173,0.24305356258534783
19,8,0.21627889886521287,0.22035458458771634,0.23622447245360978,0.25392682579163445
19,9,0.18309746044133313,0.1873746579630623,0.2031539641819799,0.23398604740544834
19,10,0.18971960215968842,0.19532604537699924,0.21843998974981915,0.25868651749419885
19,11,0.20478150075901635,0.20243903458091858,0.21875643850012497,0.25283354806627095
19,12,0.19744140060100845,0.2005600808042852,0.20258450582078305,0.23404997443386458
19,13,0.23108891065993364,0.2283004037060638,0.21913250528403155,0.2332129007012552
19,14,0.21398860443542464,0.21595260925243723,0.23117007149673413,0.2551863975844242
19,15,0.22606971486657004,0.2238668472996525,0.23167198074070453,0.24244859228662224
19,16,0.20421903940009573,0.21197117767678006,0.23381644246982228,0.2550108735208116
19,17,0.23247884199136176,0.22988790325775366,0.22652485961740723,0.23424068515491694
19,18,0.20257079322832747,0.19539818154124697,0.1996590213743757,0.22120820119110418
19,19,0.19335415101255463,0.1966344298702851,0.21723743617037833,0.2602977938160228
19,20,0.1872716061580021,0.18926290915972116,0.190802633976395,0.2090265184224829
19,21,0.21442565310593456,0.20291935095555783,0.21385945590905958,0.23853610705377162
19,22,0.1747139828507905,0.17871273658924308,0.20280751857251855,0.2557306003591202
19,23,0.19587434514266516,0.19649197307437336,0.20344597341493945,0.24317439210226485
19,24,0.20611189823113224,0.20453383363793967,0.21599510745078446,0.22355244802849006
19,25,0.2192658442973455,0.2236338225811643,0.22662019483767148,0.26385063183810087
19,26,0.22313585504084194,0.23378354384690261,0.22987890662516566,0.2697628878443018
19,27,0.2194422106684036,0.22043743999093865,0.22453490475638047,0.2360227202562422
19,28,0.19159816418753717,0.18428318342571293,0.1845905427993324,0.2101862693837714
19,29,0.20539169693525877,0.22092485368172649,0.23516176020740545,0.2519332075988189
19,30,0.22584434009315987,0.22698374802623245,0.23389448177199465,0.25037193327700974
20,1,0.1779572086094585,0.17643643666802888,0.1839716047358583,0.2027333604349061
20,2,0.23789633641982277,0.23821807496104272,0.2407248092873903,0.25427252473683
20,3,0.18823179628312117,0.19514750467002756,0.19909431478803727,0.23987864697878142
20,4,0.1817261673076724,0.18002561172386058,0.20703713419400302,0.24169788660807928
20,5,0.18943799826041913,0.19207961454326997,0.21543597971548828,0.2659029437929721
20,6,0.22200668824788045,0.22715447641944264,0.228737496445614,0.25951257730356747
20,7,0.19713129292379017,0.19541401176148038,0.19866901991744876,0.21234176801203042
20,8,0.19951244193705334,0.1997818455476715,0.20533363113525718,0.22701500282742387
20,9,0.23996010450679398,0.23960991542702686,0.22414151639383018,0.22632620530869052
20,10,0.14160659328798594,0.16053101351956553,0.2211572191126524,0.27778428256629956
20,11,0.2119261983249451,0.2093442130216426,0.21648896364960957,0.23255043842754078
20,12,0.16495360690360172,0.1797856983091515,0.22697950542366602,0.28994220548323707
20,13,0.1918006588671821,0.19102243778033967,0.17059248203487173,0.1954756511462726
20,14,0.20686172568673203,0.20854331972336781,0.22107308367448658,0.23512451938984918
20,15,0.2153455042784089,0.22288879792948402,0.22230736834923343,0.238388496851968
20,16,0.22546505154458527,0.21586716797016306,0.22159607655236563,0.2365131890263278
20,17,0.13973811130111596,0.15178899306494548,0.1798138481372615,0.2341802991681905
20,18,0.20975902136592328,0.20447644907692616,0.2004690054192608,0.22831114058022325
20,19,0.19104209014332527,0.20109722390180693,0.2422657200647412,0.2969581048392544
20,20,0.1767436910519168,0.16379575197369908,0.17336311924895353,0.2058576164390114
20,21,0.22229341585397785,0.20976373257564598,0.21772025813921636,0.2328178389573698
20,22,0.18057069208047438,0.18874661510492513,0.20379412602239053,0.26160331799420733
20,23,0.21961166415519734,0.2200066420694315,0.22644097414285194,0.23014903218069993
20,24,0.2558030343835307,0.25733978222469445,0.26446134309121166,0.27375108463575915
20,25,0.22715083410531445,0.24040740255777027,0.2546901695675293,0.26729286089920806
20,26,0.2379581896172466,0.23231949687495795,0.22029856975840167,0.23566418477203008
20,27,0.21273785015284707,0.2166105548810146,0.22707370944313182,0.23937296231448812
20,28,0.15145646305591315,0.1550137569939571,0.17811780384095158,0.20205931213223868
20,29,0.25012184044389646,0.24799640417720117,0.24374731531070648,0.25674429278733035
20,30,0.1802621382819342,0.18968748625077464,0.19804493855215485,0.24776717206590518
21,1,0.17995651873599675,0.18291638893298012,0.23247210595788792,0.2922392149305609
21,2,0.21536810084545377,0.20234221546831924,0.19512168086369422,0.2109500690046059
21,3,0.2174286851947812,0.21559584184526276,0.22031952376385386,0.23682869751303967
21,4,0.2591049013342978,0.2555166227112279,0.2512617043482807,0.2539024965188389
21,5,0.145985053284055,0.14987657454569597,0.1586494623651999,0.20688899575738431
21,6,0.16656099042045194,0.17387634426331247,0.19211569883073257,0.21790493812603748
21,7,0.2493127539773949,0.2425701719035655,0.2388148961141944,0.2258404133686084
21,8,0.1810399375872916,0.1802879616597678,0.19731808308343893,0.23259055598723344
21,9,0.2574788599190184,0.25746744419273,0.26072926208673824,0.2734019063583
21,10,0.23193034599933218,0.2249199210279388,0.21209258224071353,0.22280609988545122
21,11,0.1875621046068985,0.18511826334596898,0.18404026951113905,0.2205627076081068
21,12,0.16451948488642698,0.16231071386307444,0.16936003296459867,0.19888124273814173
21,13,0.21048091229284466,0.20844654252626826,0.20545113118535438,0.23600363755620996
21,14,0.18499402533088388,0.19145439944880888,0.2018403802069194,0.2198008218753401
21,15,0.19745235197165936,0.19109876165898693,0.19850890613405256,0.21013982884750376
21,16,0.19769325736734875,0.19735560896351642,0.21153128195051615,0.23409680073093161
21,17,0.2233869926247811,0.21349841204140613,0.21446416240159888,0.2138372605700736
21,18,0.15093456797721036,0.1616618882257988,0.1963562975911752,0.23064667063790878
21,19,0.2506753081446893,0.248169368731242,0.24717304673612617,0.2522739080986119
21,20,0.20788061826960838,0.20424037767999734,0.19916547861474734,0.20547452557938736
21,21,0.21004568842204233,0.20828777833543838,0.22097404074459384,0.2519443399122526
21,22,0.2019027421763352,0.21120713684249684,0.233040582849651,0.28224422791173254
21,23,0.19950737827061374,0.20644366411888937,0.20945285886775963,0.22254966493302492
21,24,0.20684920803526918,0.205273529789137,0.20576083964708888,0.2080036553130572
21,25,0.18359213342206326,0.189020554154396,0.20202207551418805,0.2667696535938695
21,26,0.21447457569390327,0.21371576099850892,0.20230083200515583,0.20517051223198846
21,27,0.20779918581958057,0.20888413629255217,0.2105561203493585,0.23021667340315546
21,28,0.15799061339793327,0.1605406796451819,0.18991102698324566,0.22317046276598435
21,29,0.20999493845858164,0.2085301359287824,0.23676064116323844,0.26337699439633516
21,30,0.21826424481316947,0.21852912870678612,0.2351514960791591,0.25085617498582663
22,1,0.1505208076365188,0.15203772373049737,0.16781415765244573,0.20554049090211096
22,2,0.1891258148123012,0.19002309456955957,0.20264441978678693,0.24184220701343426
22,3,0.2248371025280737,0.21545937341190735,0.22590057053560086,0.23375924975854384
22,4,0.19671220447731477,0.1813643956465034,0.180835784210894,0.19189477936069627
22,5,0.2533708015024054,0.2565922763770027,0.2720313754464653,0.30107509014866163
22,6,0.20804323076411718,0.2099938378108061,0.207039487711241,0.21131324806732493
22,7,0.19803611093292164,0.19899047733464414,0.19179024533474134,0.22993168215936094
22,8,0.20576207239131447,0.20628507984026154,0.20021260339505367,0.20699913278328852
22,9,0.15150320855535435,0.15177304624144097,0.17608726337735336,0.19969305799567522
22,10,0.23246844912098666,0.2184420385992628,0.19572740977035988,0.19800407299330344
22,11,0.19601064056132328,0.19676280355395118,0.20626367542735247,0.21919309883139806
22,12,0.2049651352516567,0.20094532139620822,0.18661835942103727,0.18958212722923018
22,13,0.21590343645086382,0.21374586664032577,0.22433166362313067,0.23805326049236797
22,14,0.18078562622085156,0.1844759187122319,0.20604161221161968,0.2254393469909941
22,15,0.2138259265772966,0.21114421327514224,0.20719392146054644,0.2381106123566451
22,16,0.17254151128676182,0.17543960228311492,0.18158122745750505,0.2317760664290158
22,17,0.1513592932822943,0.1540085958680266,0.17856735286071568,0.2179322190084432
22,18,0.24954345982314163,0.24727553487081802,0.24066532268400934,0.24375511433592348
22,19,0.1988988071056257,0.19534927610674283,0.20017745046108396,0.21803946975613714
22,20,0.17804647899935613,0.1717438203349592,0.1767321406259624,0.20396030569801923
22,21,0.19473869946972147,0.20420999030649722,0.22052730423278194,0.2693496559952061
22,22,0.19212715225403013,0.19142142698183282,0.1876518501030005,0.2076416847967079
22,23,0.21280578398811476,0.21432751650648008,0.2203614122758093,0.23437808024024895
22,24,0.22358717669990813,0.2166884984379033,0.20256429442221,0.21135462824407472
22,25,0.18784232390108452,0.1855516170222704,0.19330552143889765,0.22795633091200018
22,26,0.19655878597221016,0.19677590984938767,0.21901407092602046,0.23431462335307754
22,27,0.20406278476319095,0.21237855310880774,0.2225285881049365,0.2335110261489823
22,28,0.1879081704177545,0.18401307942162745,0.20435338481787077,0.2245883565209695
22,29,0.1722769105859781,0.17975081869586515,0.19877057734789932,0.23570277183631655
22,30,0.2323525260297914,0.23560350303087213,0.22834090294608764,0.24058988763159403
23,1,0.1797979704900903,0.175896791432327,0.18420679915501761,0.214803785499055
23,2,0.20499563130351545,0.20951451596864593,0.22813316062267655,0.26774265974592637
23,3,0.24156017474284205,0.23269743008695318,0.2144816003649193,0.23244462707325628
23,4,0.18564342247344554,0.18459201723593952,0.18725731905786885,0.20234348613117611
23,5,0.24652276759628403,0.2492811952687404,0.2518394219782888,0.25993754836675986
23,6,0.169071981826168,0.16992405320860238,0.17151052813257248,0.20331813790824121
23,7,0.17463174620963354,0.1742877579984007,0.18094509637902442,0.1903500351123033
23,8,0.19979071540917215,0.20315394924229352,0.20625152428572732,0.23120526114457277
23,9,0.1916212381648776,0.2067585127253707,0.20686594849011203,0.23275903565689415
23,10,0.20848120975924633,0.20894946055899732,0.21153434591101072,0.22530504712746194
23,11,0.18479023631910338,0.18396036316503234,0.18265453045387323,0.1967549025293119
23,12,0.20868331825005262,0.20200099730960422,0.20067678661015342,0.21601207600065894
23,13,0.19042806963818343,0.19687950000082133,0.19118940328212017,0.21239597713285752
23,14,0.21974081721550792,0.21700925619873904,0.20965439327641838,0.20757205148209146
23,15,0.16729194604776046,0.16383241746302707,0.16467521777516841,0.2120164649553635
23,16,0.18062030918780764,0.17693421406469473,0.1790777291199668,0.21109790297824538
23,17,0.1786293224457456,0.17101178092656477,0.18136105898239066,0.21445342202576007
23,18,0.20942041942919531,0.20036199601413066,0.19404616498017763,0.2149141503701015
23,19,0.1939321005224956,0.19607140280353721,0.19916526892973288,0.2229901799912285
23,20,0.24998139589009308,0.2504641755431158,0.2620719169856985,0.27307277372403327
23,21,0.19462302894466968,0.19408285273203166,0.19021157950836137,0.20852403829049976
23,22,0.22658693221643664,0.21572020399592287,0.21941536626281474,0.22120140557399395
23,23,0.18720105173648646,0.18897373103833015,0.18948377160247015,0.2142649668840665
23,24,0.1454340351089535,0.1513759108906286,0.1507191027917122,0.19850721992641437
23,25,0.15078307206789238,0.14711853497828511,0.15121757767378696,0.1760858930965829
23,26,0.20666938989138564,0.2042615408154416,0.19623444188924682,0.19839666172427733
23,27,0.235656655258227,0.22925574105285815,0.2376936635034569,0.24436693603826434
23,28,0.21228593706182525,0.20219055994084664,0.1925606310950874,0.19007843302808755
23,29,0.22124844213576073,0.21818089604690621,0.22073217307127743,0.22510213254443265
23,30,0.20738356009964218,0.1936098426205843,0.19776994732182654,0.213043761060941
24,1,0.20747412160425785,0.2018356351286975,0.20748222288331986,0.21367626155748493
24,2,0.1987767046068966,0.19483216714892676,0.19872148048988603,0.20765589234684484
24,3,0.19223122921111335,0.18933023948783936,0.20109174553424344,0.23025823985017804
24,4,0.20505445714293738,0.1993573116904667,0.19329120154085283,0.20744796179449324
24,5,0.1661946554125263,0.17018922707177314,0.19023482843082243,0.24179758736023352
24,6,0.18131270844041023,0.1944049835704258,0.19024096032941964,0.20617874369686434
24,7,0.19058214813363994,0.19288803093108958,0.20813024984133044,0.22702970863208927
24,8,0.24228994330209608,0.23719817559848833,0.22445004567588095,0.20963981640347937
24,9,0.19127310991732083,0.2032202629989593,0.20899161741273706,0.23417058797645465
24,10,0.19132054417317068,0.188206793731967,0.19414340813198533,0.21167807786355053
24,11,0.21612061112183548,0.2125795344612045,0.20530589028915397,0.20584156271273613
24,12,0.1815670778304182,0.18870171018043827,0.19127545358679998,0.2075990665718248
24,13,0.19431468228137144,0.19628561761503796,0.2082532172008663,0.23681333475514146
24,14,0.2024567530981931,0.19059925854641452,0.1794386531996085,0.20728327318970255
24,15,0.21305765490227205,0.20918409570405078,0.19758614312323358,0.2087840228472606
24,16,0.2214632698759495,0.219092386380097,0.21601700664843626,0.22028348215624
24,17,0.21608462510226212,0.21633714560872525,0.2154568488309064,0.2254357575589377
24,18,0.19072852318366168,0.1909695175171648,0.20640417147433016,0.2336612601076309
24,19,0.15858705320537264,0.15930665207558226,0.17385154746516773,0.19694123239615843
24,20,0.1686389830917828,0.16389748740668464,0.17551419079416478,0.2149019630937711
24,21,0.2532815480985282,0.24169160053854974,0.25811002463097316,0.25246974328753397
24,22,0.18235723244533514,0.1806766601893099,0.19529231889149812,0.22992715885509865
24,23,0.1926425942735059,0.1896764606197933,0.18531059958216173,0.20549760756818877
24,24,0.2255435744458639,0.22523244041226392,0.20991318892047717,0.22122041428974476
24,25,0.23782169063388559,0.21809735765295915,0.18813281486785124,0.1905249958951524
24,26,0.16620110879629088,0.15718506608117455,0.17544534204957807,0.19219056325222442
24,27,0.2213091816223848,0.21552927864471716,0.20739173641483555,0.22644670069510614
24,28,0.21929065248876872,0.20828103761943723,0.20191035658152132,0.20827551004527065
24,29,0.20710583586552356,0.2005522474759575,0.1936963212348316,0.19730865031931222
24,30,0.20331464884346678,0.19392143460789432,0.20157891999448857,0.24430570371757634
25,1,0.20357708006414257,0.19401854472602462,0.18458331982618095,0.19677025469778384
25,2,0.2300319572848921,0.22735915538789345,0.21409903032400437,0.23174175678344294
25,3,0.2175795607807376,0.21818033793292677,0.2233940173820977,0.22706903491002003
25,4,0.23148911612577724,0.2305657396537886,0.23199866948112788,0.23262347073753875
25,5,0.26047314512209535,0.2459441529991344,0.2329518842888758,0.2210354081291693
25,6,0.18860578947568463,0.1832437530768648,0.1929866055446155,0.2072132407453123
25,7,0.16535661183764777,0.1637586446824466,0.19321177865632158,0.2300709637088142
25,8,0.20017942627060123,0.19865330161862432,0.20415382727457534,0.22333034522664408
25,9,0.22793590124329824,0.22397452804450055,0.21192018548404273,0.2251522928028127
25,10,0.22397201430752312,0.2148236403884514,0.206955760664559,0.203196988146881
25,11,0.2657778337123605,0.26017487290214014,0.25388036968667643,0.25735941769802767
25,12,0.2007694733097817,0.20049932737033185,0.20324501890376612,0.219062871981608
25,13,0.1619590324034183,0.1619271169121546,0.1801856061269266,0.20282143156119312
25,14,0.18104333623766708,0.18447998242835423,0.19565926343918746,0.21510548329727813
25,15,0.22208370833170732,0.2126907744927599,0.21858714712738156,0.22881979167507877
25,16,0.22699742973632098,0.2174303964634187,0.2154600453882283,0.2156101881307099
25,17,0.16364796586956473,0.16118803069689297,0.17294831055594043,0.20554072292055525
25,18,0.17429107600606822,0.16720133807273646,0.16724300442334958,0.19781812573887278
25,19,0.19857266148754835,0.19749869708770187,0.1957041148577472,0.21780151622933636
25,20,0.1915893825674555,0.1879035690412257,0.1955689991522268,0.21399071202545583
25,21,0.2053990708411296,0.20522480833266263,0.20662905732146036,0.21395432053414318
25,22,0.18761283292984568,0.19739468780673333,0.18759903502794303,0.1961421620107786
25,23,0.20099992379925033,0.20233455940264153,0.20538328101762557,0.22905505313956348
25,24,0.23365690402132555,0.2299730806870424,0.20344370666973574,0.19798275130015414
25,25,0.21146059209764892,0.21243652962270665,0.22258874261398207,0.2458768209191648
25,26,0.21227301103279592,0.2234108445713582,0.2129504179438067,0.23791568682631983
25,27,0.16653379020030704,0.17613340392059704,0.19998181778337515,0.22876042918350975
25,28,0.210617741857315,0.2096672329485606,0.20945433642870728,0.21084587165471244
25,29,0.15971013387423116,0.16135480132400987,0.18429121035555063,0.22205739840285166
25,30,0.19312975598417206,0.1864044958092268,0.18110761177637896,0.21446654675843713
26,1,0.16770855044598726,0.1618412793939,0.1879499131875527,0.21772510504935616
26,2,0.19262663797778512,0.1899162808634295,0.18307764739026655,0.20843243694888725
26,3,0.22606848245327885,0.2296154002767532,0.22526804988947807,0.24597187968992704
26,4,0.18625111946933137,0.17994065105735937,0.1918910951708187,0.1917036084663961
26,5,0.17622148646331018,0.18066201623237108,0.1905992392459587,0.22035537848272493
26,6,0.2153094909856904,0.21122740128076206,0.19371203769041997,0.2005119190740382
26,7,0.19201427988864067,0.1909317089774342,0.1949394692698461,0.2056622566890602
26,8,0.20198964009534984,0.1995094950558259,0.20253792656777062,0.21915665121753447
26,9,0.20719312102258575,0.19009358384083852,0.183887324968009,0.18373238644692383
26,10,0.21810164464908388,0.2187188403324551,0.22062207054277974,0.22815504523237973
26,11,0.20105097949559264,0.20120194588062357,0.19930924464049263,0.21186609067154596
26,12,0.2247813092011069,0.21673695403057586,0.20049656096770913,0.2090991851994677
26,13,0.17393444068336872,0.16813785307243795,0.1720937068771404,0.20026718819772177
26,14,0.22599644547133385,0.21620667198088214,0.20835212876040232,0.21549339675381446
26,15,0.19162643860483677,0.18912450790577745,0.18252476443363846,0.20083013408395134
26,16,0.19043737337171193,0.1876335849952603,0.18815365177098153,0.20795361703355225
26,17,0.20287623813511263,0.202488882496299,0.20795155908966917,0.2231651592251807
26,18,0.16809309755964744,0.15880389631601358,0.1778946078828427,0.19242710059878004
26,19,0.20819198735963212,0.19832309070606133,0.18136885410380155,0.187739397620408
26,20,0.2123997005658428,0.2054782077846061,0.19871661404344693,0.20464024422040958
26,21,0.18491838228403887,0.18338818611984706,0.17332982540824196,0.18302011312469724
26,22,0.22708428877237877,0.22695394327357774,0.22470279644001165,0.21630369938334337
26,23,0.20283470683647514,0.20543685498483355,0.1960307796941347,0.19521508682919683
26,24,0.199096717718962,0.20815757061237497,0.19767304108470046,0.19492658221187423
26,25,0.2067636293495449,0.20162091558907466,0.22228196150876472,0.24626234848129594
26,26,0.20146566311046366,0.19540034824642263,0.19453572884953685,0.2051187849332088
26,27,0.2495814399955231,0.23926002999951987,0.23499994224598336,0.22152389622880597
26,28,0.19461724617186507,0.19631564744628466,0.1969422791588816,0.19821968835794035
26,29,0.248487503461165,0.24701698094674476,0.23515040575533022,0.21796437806864544
26,30,0.160941383303281,0.15763711602203304,0.15288280662281242,0.17305360481223023
27,1,0.19688624298799948,0.19661111204301548,0.19055884825180155,0.19933213481883433
27,2,0.2034495726264904,0.20922924145944952,0.20152548466703682,0.20769063804848523
27,3,0.21874831475179235,0.2100855561929725,0.18453279694688052,0.19249959353931645
27,4,0.21496616290528586,0.21064643656037157,0.2031842399246359,0.20569801100272356
27,5,0.2173375800148458,0.20958300608616334,0.2027450062377273,0.2035968907578099
27,6,0.24978278182920835,0.24257331610080432,0.23183849367992285,0.22631754858454847
27,7,0.15980353156237762,0.1533968902786732,0.15902389469108213,0.17934056529632136
27,8,0.21951684492488607,0.21366252822941967,0.20281008717877294,0.21085139515876114
27,9,0.18276130592785822,0.17774476958154833,0.16477988250752745,0.1799518340824862
27,10,0.17521597720332513,0.16617818991462097,0.16521048492333706,0.1837306530337352
27,11,0.16583350576194125,0.1673340549794382,0.17773169558691443,0.21247669144173076
27,12,0.2295271171378662,0.22686362330078436,0.2051481922109492,0.19398943878543512
27,13,0.1978582707850502,0.1966303513013222,0.19875763230409665,0.19174594596222483
27,14,0.21175913255306492,0.2046852993026654,0.19449263135044242,0.1994791356328994
27,15,0.2053440408577886,0.20564452500411903,0.20334506308638003,0.20635406124210126
27,16,0.22173859688617525,0.21039673124743985,0.20923908132628674,0.20683494636851998
27,17,0.2162486825193473,0.2127405827611073,0.2079295964406226,0.20619254535144638
27,18,0.20895514839645485,0.20171209279803162,0.18381080518206167,0.19369509423616219
27,19,0.21196596992827796,0.21887695402177607,0.2406457808655088,0.2541362291869776
27,20,0.17458021661908382,0.16914882268706813,0.15856565468378445,0.18945485686635882
27,21,0.2125327209131877,0.20536065590072178,0.197468832742871,0.20405072305129346
27,22,0.17655528310131394,0.171448412806084,0.16496784897993075,0.1762290505067382
27,23,0.2311351914218789,0.2270065941638047,0.2197736716396879,0.21545410509172938
27,24,0.1993163223484919,0.19543280322280943,0.2071956121121892,0.21669316231185493
27,25,0.14366629462956335,0.14619308383860896,0.17726261548852237,0.21020358886010276
27,26,0.2289219279636136,0.21885600610074168,0.21289077222860164,0.20852470662134162
27,27,0.14435887352883206,0.14577835718200965,0.15560751986422303,0.19006493930442941
27,28,0.21451048137863055,0.20603092423092284,0.20864005693376914,0.20830409611243045
27,29,0.2135805801446652,0.19882224356032474,0.19247442621131053,0.1939231121192324
27,30,0.2253927719086778,0.2190222604091204,0.22164294662154566,0.2251215201202168
28,1,0.1773173052912831,0.18619425888526378,0.1956221613131589,0.21002321340797625
28,2,0.1867567259675984,0.17916868623745527,0.1792361920026268,0.18086595134182817
28,3,0.19694884567551393,0.19217710347923647,0.20750719538838494,0.22647106884253734
28,4,0.16567102321539995,0.17253166732746644,0.1843350753447719,0.20072593531543104
28,5,0.17363239129613003,0.1663017631009785,0.1642182109731807,0.1746689910777603
28,6,0.27056105399171415,0.2621238890261796,0.24305687088206354,0.22188355307928873
28,7,0.1866800063736001,0.20074386398971666,0.19834250420016059,0.2088299142761944
28,8,0.164449872175762,0.17252494363558837,0.1890358601008458,0.20895688269730037
28,9,0.19272383940807483,0.18640672936275327,0.18671889672396735,0.1893561830059094
28,10,0.18965505312640538,0.18401552199278545,0.1812488161650952,0.18084513747081155
28,11,0.22447513968849364,0.21574138496184458,0.2057351271366738,0.19827047179814442
28,12,0.21495225755770508,0.21093157583308283,0.20331435540999754,0.20373144467763582
28,13,0.2209912811190736,0.21147046335478992,0.2032606542109286,0.21761467140343752
28,14,0.19875067748418349,0.19528090018028474,0.1873384713462003,0.19503502999401653
28,15,0.18242858325191783,0.1802288218644923,0.18260405091992113,0.1923777055972841
28,16,0.18140487680978046,0.1893990532399303,0.20136173924957218,0.21507003724749074
28,17,0.1836520974155205,0.1805995704358217,0.19066914682677863,0.21763645292201317
28,18,0.17192839060351398,0.16399643551899482,0.16650825484315565,0.19622724894435714
28,19,0.1656036695521777,0.16018775453530162,0.16055329092890983,0.19484604258294977
28,20,0.1778860748322507,0.177099076852995,0.18502018797981706,0.18859654605384632
28,21,0.20898645220013476,0.20041233729068145,0.1770470959531602,0.17285239049303833
28,22,0.20629994972050897,0.20352069601443862,0.19749460439251315,0.19619222025782168
28,23,0.2202587259447515,0.20947345127028144,0.2005620813857303,0.193164960235138
28,24,0.15309272200372562,0.1575786377715443,0.15961831284070388,0.1715885270055481
28,25,0.20544993387154953,0.20564198554979196,0.2076675706157519,0.2179663658712313
28,26,0.19500735091408464,0.19705918134377487,0.1978700176867982,0.22339224855393106
28,27,0.19848211588316303,0.19265699890641608,0.1867811874207297,0.1880543632743796
28,28,0.18602510368395675,0.18044505255534354,0.18446054442452062,0.18921118719320448
28,29,0.17383967254335847,0.16956209068416614,0.1794263609804578,0.22504970993716486
28,30,0.1785787583444375,0.17402333371416262,0.16903416034873764,0.1863111040813113
29,1,0.21319970560454127,0.2063157586915991,0.211214361174616,0.21496243301562235
29,2,0.20660250681900347,0.20360088574709226,0.18610003028565159,0.20314393408843043
29,3,0.19691246476411903,0.1970333932654224,0.19466096072814068,0.1997503261940654
29,4,0.17501000054341467,0.17614091967439982,0.18046725511590014,0.210241430860278
29,5,0.21460438950702151,0.2092182360351105,0.2009129814674002,0.18977079358375074
29,6,0.18541342601352023,0.183364827739286,0.18733838073767123,0.19192492172309533
29,7,0.2055834809234016,0.20043849815045608,0.1956441030198316,0.20368826883583468
29,8,0.16022928206369488,0.15578507974141143,0.1540459703496297,0.16828228257518113
29,9,0.19989529101111764,0.19281973305370403,0.19013497757684142,0.19527487666951657
29,10,0.1660916259089699,0.1697229889753671,0.16428311695526776,0.17604276152572548
29,11,0.20018078602507258,0.19330950609472852,0.18681515153340325,0.1952912626047106
29,12,0.18675332996979516,0.17371651808463873,0.1866718217268812,0.18921358920794665
29,13,0.20496108950283032,0.19965748042288722,0.20382883454628753,0.20158081114886
29,14,0.2169602879895331,0.21771586363636433,0.21088798903951742,0.20513641462943402
29,15,0.19790339660690404,0.19337735995762914,0.19881520218710927,0.18694915300108325
29,16,0.20197251533171875,0.19112393697411237,0.1929231238493732,0.19826328974820095
29,17,0.17187315215429178,0.17808687511988747,0.19157016581748412,0.21169549914276425
29,18,0.24030113296838324,0.2226143256124165,0.22385786154698398,0.21684228964228813
29,19,0.19900000808216356,0.19252298575884835,0.18837425607863528,0.2123778120288804
29,20,0.1845792045488705,0.1844398001675829,0.17696509642062475,0.1935860000405619
29,21,0.18960444228889267,0.19482645465147427,0.19562752241066977,0.1981053955381509
29,22,0.19370680062820228,0.1892949739721489,0.18663307436234433,0.19740721061487618
29,23,0.25693750398753756,0.23751574344354653,0.23968178211125474,0.24475877124336934
29,24,0.2355332844999739,0.22605279665335565,0.21852182599588862,0.214043922003412
29,25,0.20179671707526373,0.19818347189352137,0.19757066791288808,0.191217478430894
29,26,0.1918095321842079,0.19051197937796233,0.18586439508117442,0.20000272367741653
29,27,0.1914148643864443,0.18409851961952745,0.1788897277560973,0.1751809129558536
29,28,0.18828058190003516,0.177399904358539,0.15261181354190137,0.16282891531063529
29,29,0.1733872260586833,0.18641478269662978,0.19161349242967274,0.24027833904590992
29,30,0.21615012974987807,0.211366985423984,0.19730753473204402,0.19830926482123304
30,1,0.19728611515081798,0.1921288808451756,0.176744955500757,0.18753245066938765
30,2,0.1992307972577059,0.19357651278145518,0.19962119582618643,0.21034025093834519
30,3,0.1829858212939052,0.178671304934573,0.17736530467090997,0.1831993180298874
30,4,0.19972346112711403,0.18624438732786466,0.1902685805504155,0.20809837611924326
30,5,0.17302847935367086,0.17566499034858585,0.17472897127248277,0.1821164236851899
30,6,0.23429286169278687,0.2242476071704408,0.2128232212133352,0.20492113968497785
30,7,0.20039492049112612,0.18274707936125015,0.17899983407949127,0.1952680112408436
30,8,0.206615218604951,0.20459580857905016,0.20614426634117722,0.20930106938231252
30,9,0.23948768352151664,0.2347782764128017,0.2192970295222224,0.20427150734177976
30,10,0.22785512845933129,0.2126505353236991,0.1881272221666361,0.19119201178589068
30,11,0.22484389868528531,0.20739773999045913,0.19654966179564656,0.19072027187876328
30,12,0.22505704273022212,0.2117928219905738,0.20285067560245712,0.20163039646170233
30,13,0.167560754305802,0.16817324722067958,0.17622065468106393,0.20324239577196906
30,14,0.23993565328599945,0.22770002572615078,0.21791663158427552,0.21201810136828353
30,15,0.20384590833624727,0.19547426678541266,0.17736201757433778,0.17453125870095887
30,16,0.20025092694949737,0.19555859540838774,0.1959900278235438,0.19779224755806313
30,17,0.16650146803520827,0.16062869471720578,0.1737534820774694,0.18007548075531998
30,18,0.17962302543898861,0.17348556980811966,0.1790160131276436,0.19074351215777832
30,19,0.22834580699132712,0.22080781493323867,0.20174691230831684,0.19963487227973084
30,20,0.18426823713505114,0.16704204128968198,0.16252889611098156,0.19024836551527968
30,21,0.18589437626161343,0.1856347668574184,0.1927756471936089,0.21675270562925572
30,22,0.2217156605573169,0.20790965932088648,0.2064775968314831,0.19141908189921755
30,23,0.16514852987590942,0.16864988076119544,0.18196648053241893,0.21977396831415524
30,24,0.2435530447574286,0.23588279558412917,0.22669932227588988,0.2172077090320523
30,25,0.18755842507717457,0.19341687002927024,0.20527018214902984,0.2205776934249121
30,26,0.24071540041370765,0.232539179813604,0.2249779607769939,0.22030227103822173
30,27,0.16380932463927997,0.16607585727487456,0.18689355810505148,0.22131346263728316
30,28,0.17545782856366787,0.17755537793472578,0.19890037789265896,0.21831360198865699
30,29,0.22695825878914463,0.22243603976742204,0.2197025133054667,0.2551678465181324
30,30,0.2024036044699663,0.1988318950321114,0.19116218074367597,0.18932888294344294
