sweep_value,run,error_1,error_2,error_3
1,1,0.42873276151565526,0.09315808845867068,0.11956626173665952
1,2,0.4284343389765319,0.09375892541049591,0.12042845190604862
1,3,0.42426692114424785,0.09144005142225808,0.11775121697986701
1,4,0.42583596771170196,0.09275281855168926,0.1191745134410076
1,5,0.4300154140419192,0.09283872337746779,0.119671282273114
1,6,0.42646145351569703,0.0951958989918561,0.12154018098653907
1,7,0.4268698497697115,0.09535946248494809,0.1216732533668804
1,8,0.4280596004409436,0.09254975745651806,0.11965364154753412
1,9,0.4285329332381322,0.09409138487846602,0.12050860604799996
1,10,0.4277802246510499,0.09103173703476408,0.11738924728018874
1,11,0.42967902495713445,0.0951862490116624,0.12146702517716668
1,12,0.42926941136591334,0.09634230119145748,0.12269899204242773
1,13,0.424626246125996,0.09147566042454636,0.11799860710516208
1,14,0.4244010223611722,0.09260591989841438,0.11904016803927042
1,15,0.4281334754043761,0.09382505295263088,0.12026435974188443
1,16,0.42884852919845573,0.09572247516862087,0.12206410198736362
1,17,0.42395890452569895,0.09263169996712861,0.11903283717018254
1,18,0.42479096272676037,0.09264441234087373,0.11916121516950828
1,19,0.4277926995121409,0.09457825834226585,0.12096963842571484
1,20,0.42623949742734346,0.08926153667979286,0.11602965308049248
1,21,0.42804742453540146,0.0937695845963109,0.12152580005247553
1,22,0.4312498947822778,0.09248438361702116,0.1211340301652593
1,23,0.4275254165822023,0.09176303037558253,0.11838456230614008
1,24,0.42787837729871375,0.09556083842596985,0.12194699309633605
1,25,0.4285534268420996,0.09496121603879082,0.12130370944501356
1,26,0.4271653037127011,0.09557359902184692,0.12189013098862256
1,27,0.42895335756197567,0.09709743969621021,0.12329441646442019
1,28,0.42612241742160073,0.09238831136581571,0.11885356102779387
1,29,0.43037582895043847,0.0957259996933355,0.12226190385905546
1,30,0.42635880455490216,0.09378991989582175,0.12026252950773542
2,1,0.3479797566104223,0.07630973091649176,0.09958714531533625
2,2,0.3148615461498379,0.07723960909401831,0.09251254896022286
2,3,0.3064343239770467,0.07743427821082201,0.09359865230669913
2,4,0.4038318079129978,0.07783305808302966,0.11231776878591539
2,5,0.32234544042740976,0.07655426163318621,0.09439623319710694
2,6,0.3668626851057112,0.0748948033171401,0.10430821496219272
2,7,0.4025439956577971,0.07518146204592994,0.11250946429847329
2,8,0.3298648016589097,0.07479537973925009,0.09246410563084971
2,9,0.3103729354831766,0.0720917798590858,0.08574258331628078
2,10,0.40639879876729884,0.07557280901706805,0.1124344903160018
2,11,0.3902973612176058,0.07266102511521588,0.1073414547729029
2,12,0.38801592013798303,0.07805460612933111,0.10966096502965114
2,13,0.4118502202514499,0.0776063904792012,0.11335751124945104
2,14,0.36626623686562226,0.0769097269823335,0.10290070105206461
2,15,0.30649025643987543,0.07719604449087089,0.09018359602286588
2,16,0.3318014300661371,0.07613302272360895,0.09204357195195928
2,17,0.3333348947669623,0.07406638265267804,0.0930664684541272
2,18,0.34858480116216484,0.0773251886852262,0.09916697951593705
2,19,0.301817186449521,0.07543820605834102,0.08876806994421062
2,20,0.3489666108371403,0.07500700938448834,0.09532958503495617
2,21,0.36201153986661594,0.07560026282322271,0.1004341898123993
2,22,0.31533738684739904,0.07427291532319229,0.09034974434252817
2,23,0.30300064918267816,0.07689460481981751,0.08905348800080953
2,24,0.3245538330977973,0.07395872297541774,0.09438387473850082
2,25,0.3139847352107717,0.07696282672583797,0.0923947312000901
2,26,0.3341429460046757,0.07743252326786026,0.09838207688384314
2,27,0.30760779008425126,0.07467066894601246,0.08869376128918967
2,28,0.3783446255939079,0.07908488211759665,0.10617937610416715
2,29,0.3073175181223402,0.07538823270574425,0.08803870202716728
2,30,0.29945077527561215,0.07347165282025653,0.0849044010743349
3,1,0.36866033527980624,0.07116384509463711,0.09989859965501366
3,2,0.3472470840412556,0.06678202020981618,0.09856782254946404
3,3,0.30157812922797417,0.06517293755205426,0.0870066766055263
3,4,0.2705811951888894,0.06327116432010114,0.07832782287157841
3,5,0.28398560995875716,0.06557113724003064,0.08098579759718419
3,6,0.358767492487111,0.06503796163302422,0.10097230739015806
3,7,0.28620126432134085,0.06654828936319822,0.08233679568952716
3,8,0.27554928698631503,0.06652083344517407,0.08385196608422031
3,9,0.25881743088405446,0.06755448468819766,0.08142359527674817
3,10,0.2728343303469114,0.06314814731950574,0.08020924133565657
3,11,0.32653374590551615,0.062120314600810474,0.08914938496796991
3,12,0.3612060570184264,0.06238696920185848,0.09803001504679582
3,13,0.2760353091371319,0.06438222463657069,0.08067098257041833
3,14,0.27673090462998884,0.0630450977239589,0.07915101192191769
3,15,0.2832028232602861,0.06338418071368154,0.08646166778227596
3,16,0.2854138727597841,0.06622161342173025,0.08776907281971055
3,17,0.33007846066049434,0.06605732909026696,0.09328954857356866
3,18,0.2792487190792941,0.06779602394074201,0.08229482516072659
3,19,0.39628707034384425,0.06298810710823591,0.10842013500700877
3,20,0.2970049246008144,0.06626403243852792,0.0875008765471488
3,21,0.3745325779792544,0.06753232645379542,0.10425803995878014
3,22,0.3595122465488306,0.06860485205568077,0.09900749788782487
3,23,0.27494912748006145,0.06748116889294807,0.08830154594754074
3,24,0.30328180095019763,0.06701264158865845,0.09055231074650791
3,25,0.3471156024557317,0.06639635553381837,0.09639221702175234
3,26,0.38874060693061274,0.06763821141996881,0.10679121574070827
3,27,0.3144566168518126,0.06677972539064972,0.09148191593191835
3,28,0.26586049041963067,0.06389363609968329,0.08461216448255672
3,29,0.3306712922048734,0.06496910373150246,0.0949043978719464
3,30,0.24861975373867007,0.06443118042455105,0.07496502367511979
4,1,0.22561955479536064,0.06100293921683164,0.07689375474806973
4,2,0.2734196172487471,0.0584182607927993,0.07999732386936802
4,3,0.27441054988196756,0.06033533862192979,0.08648810480185792
4,4,0.32879686173616823,0.05851835336696733,0.09127588718533966
4,5,0.23974181519691676,0.05920181190211892,0.07040093042234084
4,6,0.25820889564656624,0.05965479097148096,0.07786430343637746
4,7,0.32965268167951317,0.05814042461295524,0.09072987087398043
4,8,0.2472744898462135,0.05897112726091662,0.07265271607014774
4,9,0.3027354741887713,0.06019062781047219,0.08794221543347426
4,10,0.27206500322571997,0.059368625281222415,0.07858031226292622
4,11,0.261051065311576,0.06271986422418027,0.0823099012428408
4,12,0.27659740650724596,0.06384753861982322,0.07958601626009783
4,13,0.261082556621769,0.0640591838327776,0.08089665441052803
4,14,0.2663863042918918,0.05656554593679263,0.07768998197050032
4,15,0.2352003581728212,0.05937569947033712,0.06686358711166758
4,16,0.2964436837084968,0.05857280548893686,0.08574639545367735
4,17,0.24920568664582676,0.05881243795404206,0.0769898436507254
4,18,0.3311453702243454,0.06059856715683224,0.09002329872916273
4,19,0.2929466247937479,0.055235095835048945,0.08184234360300952
4,20,0.3032455377544743,0.06616196659260996,0.08989316381289354
4,21,0.3033024773836468,0.058576204119596444,0.08448271844561987
4,22,0.25726443568190144,0.06586767705989652,0.07734730087311292
4,23,0.32146292858303205,0.056814544375198554,0.09489649930136441
4,24,0.2482591557704076,0.05802699133630211,0.07518168201913575
4,25,0.29304539305565,0.05723506118582222,0.07990920778283414
4,26,0.2597735029107554,0.059722342129440005,0.07559592294370515
4,27,0.23930305539949537,0.06181142202750286,0.07720862881802959
4,28,0.26044967531404656,0.057324379406243645,0.07752637575855535
4,29,0.21679091699013062,0.058909633911254214,0.06660766217937582
4,30,0.23039580214809782,0.060333869766965365,0.07258088848577955
5,1,0.22683623112694945,0.05241404275987761,0.07224867673220557
5,2,0.20613170519729165,0.05389382729031514,0.06543048359876955
5,3,0.3597763156485229,0.0555085744937832,0.0980825899195104
5,4,0.23784347038548115,0.053863428162373786,0.0763063835665095
5,5,0.2900300129035237,0.05388899412158536,0.08029677811121513
5,6,0.19955469819734123,0.052133923347253974,0.058882014044520405
5,7,0.20229464000220207,0.05473437624680125,0.06683642071356422
5,8,0.22494863244872518,0.05223438178409354,0.07394993926529687
5,9,0.22250356673835017,0.05392157311504571,0.07572726534520285
5,10,0.21061835829760955,0.051904407174086065,0.06524850601655083
5,11,0.2566276487691968,0.05111978918702107,0.0756368335028036
5,12,0.25158879790292066,0.055667548189935925,0.07653099301391926
5,13,0.2501574747919235,0.056552229342395205,0.07825440994252843
5,14,0.2551639844938758,0.05481430069852675,0.0682982954806585
5,15,0.2967411197626721,0.05839148567908569,0.08654586975327962
5,16,0.3252071535864698,0.05216145090627553,0.09084885845611662
5,17,0.22139710220345363,0.05128284506043554,0.07182730219052723
5,18,0.2474913439095943,0.05500457413398921,0.07549339711876661
5,19,0.2904839987261021,0.05498716483453022,0.0886741048543635
5,20,0.21266091752870112,0.055294245038596465,0.07082531871270843
5,21,0.27191080043387816,0.05319199643688967,0.07719218497283256
5,22,0.2771778250995635,0.051339643353912105,0.07826906709049868
5,23,0.2731959663911449,0.05615806031677411,0.0780809154478288
5,24,0.22861052103450744,0.05266433772795367,0.07247743771365624
5,25,0.3026728373057553,0.052717188830194946,0.08376773637300405
5,26,0.1960331384541143,0.0517069657008901,0.05827913289046955
5,27,0.2554153035511578,0.05451039175958956,0.07829995002724624
5,28,0.25219701570212,0.052709952431927186,0.07364857361023962
5,29,0.19454221450737047,0.05396686542329199,0.061894194906214305
5,30,0.31287565123224026,0.05259170393903197,0.08702101671051854
6,1,0.21901602618214053,0.052204635570538865,0.07107600922214576
6,2,0.19146588215447347,0.052156977497925985,0.06956909940926584
6,3,0.22341983383270242,0.050791753335179074,0.07225107711856017
6,4,0.26969515229030605,0.05915138158021886,0.07452961614120748
6,5,0.2512725519231275,0.04837792268166004,0.07321402927703005
6,6,0.22015333115817226,0.05232152929412968,0.07559231747631118
6,7,0.22576700730889787,0.05000175141119159,0.07496470333785095
6,8,0.24100806185192186,0.0513763667444095,0.07324499587818643
6,9,0.26743510765414213,0.050812099260869416,0.08165869656011973
6,10,0.19877955387201332,0.05115960018423501,0.06391589193370366
6,11,0.2567805436814306,0.05300645809277229,0.07470054860679386
6,12,0.1947233902126269,0.05269714073601264,0.07433094934067563
6,13,0.2392111567745077,0.04936763336947399,0.0723215473185608
6,14,0.1850970503089382,0.04942486284681993,0.06857046432997806
6,15,0.22881490894785053,0.04862711137119312,0.07109091266693202
6,16,0.2185116138531269,0.05427551230787964,0.07328182659889819
6,17,0.2067521798625808,0.04676321079534764,0.06193361164203698
6,18,0.21477918488430953,0.050323334403336126,0.0653532333395482
6,19,0.2249579624186522,0.05016353935021835,0.07169898635103839
6,20,0.2969483454738602,0.05242282446622374,0.0925945727984297
6,21,0.221103360632479,0.04894513383041341,0.06823432694401275
6,22,0.2065050866919231,0.05211377946562229,0.06786088036682913
6,23,0.23001545744350485,0.05181100552698981,0.07109233218121438
6,24,0.2389629392505486,0.050279749362426844,0.07680576055493357
6,25,0.21199270039724466,0.05153583575067179,0.07150320549101069
6,26,0.19532145375340296,0.047238947755552166,0.060787701967853824
6,27,0.2114852227347057,0.05232312145493378,0.07002123557652044
6,28,0.22368686605749974,0.050370322364281496,0.07443868752422897
6,29,0.2629924210244637,0.04980042381914672,0.07373592036971675
6,30,0.19933719798676347,0.05190387130090597,0.06741119568191549
7,1,0.188179093543211,0.047800470607747225,0.06534188910869583
7,2,0.2086259962310212,0.04325591065090912,0.061374671741362734
7,3,0.2638272069527486,0.04700681667966735,0.07431871104930565
7,4,0.23643908292286062,0.048130106921194155,0.07074377481037337
7,5,0.22795713652357383,0.05172545784930712,0.07193730450174951
7,6,0.22656905293693275,0.0472197291668372,0.07046665778028559
7,7,0.2310515948057345,0.047684179476263924,0.07247187278079992
7,8,0.18757459294117268,0.04623043119671657,0.062440387615105425
7,9,0.1763676258003783,0.04728293042233381,0.060572513043038866
7,10,0.21523928601130218,0.04943514795912198,0.0669236948264096
7,11,0.2360464335686851,0.049511319213518555,0.06967550661020737
7,12,0.2607839008917525,0.045892165727602706,0.08211452399925182
7,13,0.17664346453602772,0.04704413053072397,0.06933219710465614
7,14,0.17927745777669848,0.052956835002347866,0.060671622033064324
7,15,0.18293393886427575,0.04623036033964157,0.06045972943002393
7,16,0.209767426514376,0.04853917034885526,0.06551402670632622
7,17,0.18643194257598678,0.04674359415102711,0.06365990392113544
7,18,0.20913456404731534,0.0480227219062105,0.06865479874237664
7,19,0.17409336939111997,0.04736715685012738,0.06309414726556435
7,20,0.24996334278180937,0.04748091615626757,0.07090772662781715
7,21,0.18085954181120073,0.045249313702937846,0.06305513982127742
7,22,0.18907392496576295,0.04553417534703107,0.061485872924635754
7,23,0.2555737396117039,0.04608145787015746,0.07861096088358514
7,24,0.22587138637593823,0.044550727734590595,0.06990202384681617
7,25,0.2064799355417808,0.04513467397316541,0.07314989525556875
7,26,0.17261290221536432,0.04728568574887578,0.05767850633174996
7,27,0.19027914921355463,0.04848604711039508,0.06368781782403415
7,28,0.18427572782500914,0.04779194329007578,0.06441237363305571
7,29,0.2812981856721909,0.048182941915586294,0.07656965454256141
7,30,0.238900887395637,0.04617088060795147,0.07683878047836129
8,1,0.19446245208805257,0.044687088035277864,0.06056947423773531
8,2,0.17133573455361262,0.04357800269151356,0.06305837007867914
8,3,0.19859079011672373,0.046211425994018084,0.06448333084352767
8,4,0.2888310823567991,0.045310931132389154,0.08557599913569261
8,5,0.22734264602471504,0.05070353926147107,0.07655990632950395
8,6,0.1719937847782101,0.043467846053947545,0.05953036532422926
8,7,0.1825608353918701,0.0449136669133623,0.060879878180202955
8,8,0.20352740198607508,0.047025066313124204,0.06956425796044158
8,9,0.16584152431467078,0.04618047494443172,0.059910950556759324
8,10,0.15993608820834887,0.04438816823509104,0.05485594170492649
8,11,0.1723256682464781,0.046225940667104906,0.059515079038513254
8,12,0.17839733381751344,0.04239960073049325,0.06296115662073594
8,13,0.18078674353929275,0.045238485713710634,0.06355522514414794
8,14,0.2247334273870317,0.046598472293728,0.06650101965547259
8,15,0.22098408521785923,0.0479530357162087,0.07262067511428504
8,16,0.18065787317826704,0.04365370306385529,0.060384601875035
8,17,0.19470128979239518,0.04730696624612757,0.06638765987839926
8,18,0.16775740658193128,0.044907836817764404,0.05856235352281362
8,19,0.16579972031008322,0.04574520329471113,0.06356770577364781
8,20,0.21972275079720768,0.04500645916547525,0.06768530508904678
8,21,0.15914130616739386,0.044711259988767904,0.057597156576189794
8,22,0.20785140864534019,0.04744530146912414,0.06331857542633035
8,23,0.1750876663348351,0.0446924421600448,0.06454522711127826
8,24,0.1906691184111226,0.04754937992534342,0.07026973159674257
8,25,0.20563137703236511,0.043483549508473704,0.0640110849467805
8,26,0.19521805279085638,0.050059203648884755,0.06643014233706562
8,27,0.2121649701385243,0.04432526428010541,0.06988969071264942
8,28,0.21916150978226012,0.043291153540992625,0.06788532791554089
8,29,0.20463974555741438,0.046050257660161215,0.06271192557013296
8,30,0.19101625106446557,0.046630101723796676,0.0699094281149705
9,1,0.1677182688358413,0.04164486674979859,0.05860666918607761
9,2,0.1737851926115252,0.0443639396077628,0.06203340547945532
9,3,0.18924531590752366,0.045202620523294004,0.06455195596501791
9,4,0.20712317464322463,0.044139705343074036,0.07281784608504598
9,5,0.17130214300607158,0.04205383179232851,0.05677782135588154
9,6,0.1670537928480073,0.042847677173403466,0.06066678078171255
9,7,0.16645832774115202,0.04291761293050216,0.05806010676455359
9,8,0.16195161810633157,0.0450532276149785,0.05357113569851007
9,9,0.16835333588978454,0.041769383119809156,0.05801279182253468
9,10,0.19536688448012335,0.04115916379519882,0.06516307976511908
9,11,0.3164207265379066,0.051029436276733335,0.09287441074930385
9,12,0.1696771191520669,0.043590341257938606,0.057627403375063134
9,13,0.2232301056589332,0.041234760355212605,0.06599884848939779
9,14,0.20330323344009413,0.046920608846917455,0.06869705144529517
9,15,0.2004816478993269,0.04448592403622108,0.06585726818466453
9,16,0.16640238990994694,0.042774479051309065,0.05580984730511901
9,17,0.2015624923095864,0.04389690283013246,0.07002123021288029
9,18,0.17180009124808146,0.04576835815078641,0.06470172288120957
9,19,0.18004434001471684,0.04428954138126799,0.06080944959614244
9,20,0.1878388095659816,0.04476196305715323,0.06702336809449401
9,21,0.23662167423975103,0.04272385632264495,0.07544893696233428
9,22,0.19336412320320973,0.04111776670918935,0.06266097717560346
9,23,0.16334152412290598,0.04378813344176876,0.05797940224633752
9,24,0.1976757799400301,0.04349339392727708,0.05832802424324365
9,25,0.16712665996748538,0.041620103588468065,0.05444717438081139
9,26,0.21378747641362256,0.045483820012194816,0.0672264111997229
9,27,0.16153179866989043,0.04550743506007035,0.06039371544430485
9,28,0.18040570597122385,0.04187593688993213,0.05964115893153356
9,29,0.18383508702579227,0.04556211440717727,0.06386232634974881
9,30,0.17480382869435046,0.044031390009486845,0.06155488300815429
10,1,0.17443076313916533,0.041304621484128265,0.05964243472199603
10,2,0.23999829947622317,0.041568229245382,0.07150667799768011
10,3,0.19862918330960064,0.04123269524467683,0.0636215271846299
10,4,0.1957383179877178,0.041090612010825485,0.06539656169707472
10,5,0.21649642600428173,0.042572087999696626,0.06554411249475207
10,6,0.17915274605103007,0.04148380056696297,0.05575726217588996
10,7,0.24375001981206437,0.04197511928418244,0.07589453806995924
10,8,0.1656583558304374,0.04505800215677474,0.06362072624163904
10,9,0.15837044776131767,0.04099478218290363,0.0558899202760348
10,10,0.1763869427258592,0.044502664224303344,0.06538028346395075
10,11,0.20016020134911985,0.04556247676251051,0.0671112345460561
10,12,0.14686009269334016,0.04298849485389863,0.053221542088591624
10,13,0.14774209712726638,0.0426107199040175,0.05561291328814572
10,14,0.18431665705511044,0.04158793121948422,0.05967968228870627
10,15,0.1638599137359738,0.04341698063565647,0.06107156480259464
10,16,0.154098829446375,0.039794133883161976,0.0561469303467394
10,17,0.17022277222329218,0.04174999698850379,0.06276852058855537
10,18,0.16763423864356458,0.04257186697941905,0.061068715621415824
10,19,0.16983068400589293,0.04133969305923429,0.056122547881911164
10,20,0.16310741193990502,0.04138502278615233,0.058746276322478155
10,21,0.1715214721026741,0.03941965943526498,0.06234286142328339
10,22,0.19557067894575766,0.04144559949704503,0.056004992038436535
10,23,0.15603175752529336,0.04177392653704681,0.05458362237830437
10,24,0.17376501699430638,0.04263025528736067,0.06251317403662146
10,25,0.18541685022384172,0.04356634500556741,0.06393165542866396
10,26,0.16523608376673857,0.04024307589329713,0.05993768856816368
10,27,0.22754393076547488,0.041751686964426056,0.0661272303732082
10,28,0.17744236660769297,0.0456574240193866,0.06680635506435315
10,29,0.14673577342769964,0.04173048154580721,0.05126433165771103
10,30,0.15227784002413125,0.04247247779120507,0.05414493946159181
11,1,0.1598617438688902,0.04085735288638742,0.05550850439645676
11,2,0.1989038756818731,0.04132987735596614,0.06576181184243328
11,3,0.16757126110269804,0.03871107310075763,0.05602452999393719
11,4,0.15390832672235408,0.0388725357490156,0.0526157659500847
11,5,0.14068314060427461,0.04074204367842539,0.05322447200410232
11,6,0.18416279491955173,0.04298577342048403,0.06241165776968125
11,7,0.1866214634658549,0.039041955160059906,0.06496444695472953
11,8,0.16667746220306467,0.041846126745698625,0.05794802254319495
11,9,0.19802850938910121,0.042935490840895,0.0637049578416496
11,10,0.1976010361189936,0.044579461349945844,0.06955166576999273
11,11,0.18848351262744956,0.04375486695954326,0.06474155818091691
11,12,0.14619153819292938,0.03835392781041206,0.049274148422139806
11,13,0.17747839158158135,0.04354181204379471,0.06357587614796889
11,14,0.1757185690600651,0.04091421255737663,0.0599869871033586
11,15,0.15622121381193885,0.04286703969917325,0.056455149479732666
11,16,0.14320764494186586,0.04094554940140652,0.05234705017332277
11,17,0.1717551014696798,0.041920859597115556,0.05643573663370246
11,18,0.15530206030526364,0.041342533449947205,0.05698145366706495
11,19,0.16325651024898574,0.03967677380319271,0.055412943647176915
11,20,0.13597882460607116,0.04065563799974164,0.05245786777924062
11,21,0.15475224071795032,0.04221917792484316,0.059572155738170665
11,22,0.16390660186365116,0.04103010369839887,0.056715969682890624
11,23,0.24101998408093134,0.04116743730913333,0.07668586403780614
11,24,0.19189923865680586,0.03808625168206945,0.06188469909439783
11,25,0.16636177890284062,0.039605502514842406,0.054783719250493544
11,26,0.15473606399535325,0.04298685004747844,0.0550734212412342
11,27,0.1716251740221405,0.04228626891032487,0.05917254717114072
11,28,0.1536227695179895,0.039313070393126266,0.05451236343011032
11,29,0.19386350878361364,0.04091878640285364,0.06300487651584204
11,30,0.18393958361273594,0.04179752986593727,0.06174090938656259
12,1,0.16719966993868424,0.0425943504311732,0.06334903752734744
12,2,0.157012441345243,0.041536504348624215,0.0584685918168515
12,3,0.14943475220064742,0.03777263363645383,0.053445787380617435
12,4,0.15053950223646884,0.03981664946724325,0.049770966635888134
12,5,0.15465536922044665,0.04048308147060811,0.0592009216914831
12,6,0.18112826677021002,0.042863476077342734,0.06154411406445949
12,7,0.14734422499251257,0.039741366866786455,0.0555353979853083
12,8,0.1924294130064957,0.038291884931213584,0.059845798870431524
12,9,0.17666530758325674,0.03909613018211105,0.05777827969165812
12,10,0.16158445375775196,0.03938067159983529,0.056659096110456955
12,11,0.16872009027211257,0.039180793525379905,0.055672468651152836
12,12,0.1560255664355813,0.041406550352124656,0.05552551129872183
12,13,0.16431892743119983,0.04040436895350449,0.055808131921832274
12,14,0.1703125251788653,0.039583361904127166,0.05912599234977807
12,15,0.15223426824556957,0.043248283129803375,0.05975746268163056
12,16,0.1873434664854968,0.0376970600583547,0.058716370590539815
12,17,0.14761334906393994,0.03823129681055544,0.05391745419884704
12,18,0.1771154710403284,0.04408654461532958,0.06269413620272009
12,19,0.1519686969704555,0.04163831013346447,0.059546310273830255
12,20,0.1355706566640588,0.04098823673824205,0.04900284130790549
12,21,0.16360079927845245,0.04091264389053027,0.05918853326806048
12,22,0.15887699109396375,0.042765428642843294,0.06030156582562665
12,23,0.17666821356011891,0.04366584947712962,0.06918576514826877
12,24,0.20346447269004217,0.042961384569725536,0.06454801431710566
12,25,0.15932931375545478,0.04346021170571941,0.056023920944187386
12,26,0.18544140108373205,0.038740228671344135,0.06523630944921333
12,27,0.2046407266893706,0.03969754527014401,0.06853622128562303
12,28,0.1584234358776691,0.03905719869382581,0.056162151527026645
12,29,0.13637844438438973,0.03847113769544351,0.052710602795332025
12,30,0.15206327046856738,0.03983104201678231,0.05794567501362232
13,1,0.15071038792670158,0.04482752419215975,0.060336056854351894
13,2,0.14454827114562352,0.04325996509473364,0.058433012880257124
13,3,0.15701345468688344,0.03633207114478651,0.05175577207157557
13,4,0.13600023750864632,0.04348745606871884,0.05732129029490937
13,5,0.14673266601213497,0.04139218215823654,0.05791603622332762
13,6,0.13677975698732095,0.0378319919833836,0.05042280118712543
13,7,0.14729806536874662,0.03832709210668463,0.051491295594680575
13,8,0.13630396581211376,0.03770070276175754,0.050335963624933776
13,9,0.20915996326478084,0.035743902273930116,0.06606119012342206
13,10,0.1421055581979251,0.040104168933147485,0.0564477498188144
13,11,0.13958245003623893,0.03919733287379147,0.053817731965343625
13,12,0.15684847488712145,0.03887358393373999,0.05562616001815493
13,13,0.16556826656868176,0.03876863748729317,0.0571283149428303
13,14,0.15721585277775793,0.037858070729565776,0.055856320751942266
13,15,0.1844106376504143,0.04105213967180079,0.05827833159213445
13,16,0.15749277824536176,0.037952287952682406,0.05993257958337462
13,17,0.18028228522786816,0.03972595373444584,0.06290662115160002
13,18,0.15386453650897647,0.039526931190136824,0.05152624319451519
13,19,0.14959520612933455,0.04294777929773653,0.05912944624942753
13,20,0.15173682173133668,0.044482412488554245,0.062284871875337156
13,21,0.14012816340849887,0.03617666649965028,0.047971429785166886
13,22,0.18074996920818828,0.04247272151560398,0.06254890055453513
13,23,0.13919846619633147,0.04067955840324786,0.05163378533887004
13,24,0.15125666188991027,0.04177401428450576,0.055677970492385744
13,25,0.1489911213576804,0.04051522908624404,0.05706662485002656
13,26,0.1715692505873888,0.04036307577572649,0.061189470874530645
13,27,0.16825313510884898,0.03978186665136971,0.05843704483919179
13,28,0.1612939921880351,0.03818687947933286,0.05762279269818459
13,29,0.1406907374264208,0.04078390762934137,0.05420505673260602
13,30,0.17196140669289897,0.03877238982920757,0.0589203317544438
14,1,0.12924889392141867,0.03811771184056002,0.04910137541301657
14,2,0.14152466461576046,0.04095131964181081,0.05082096337137265
14,3,0.1390302994224337,0.04073272302780579,0.0541459563346987
14,4,0.14584620215218477,0.038529095934568554,0.05424941579465498
14,5,0.13393767476653354,0.043654367757260434,0.05614249718199922
14,6,0.15521228077813556,0.0439541754232936,0.059108299654835814
14,7,0.16627471607417083,0.03997076289712421,0.060162714595153384
14,8,0.15282502445053905,0.04268857317995236,0.06317699722616699
14,9,0.1476504941049825,0.04004261884168243,0.056237267078282256
14,10,0.16392701880237381,0.04001707512943226,0.061167105853914036
14,11,0.16377063804713446,0.040219717232284485,0.05980937398409381
14,12,0.1594537297043152,0.04221569922100068,0.062442881710051
14,13,0.13438669935358324,0.038467410031822816,0.05350961854822135
14,14,0.16078060990433274,0.03950869586986006,0.0586804017125187
14,15,0.17765393466362595,0.03906326022258542,0.061111527132560566
14,16,0.16196726092038172,0.03819118952885604,0.05197392499480651
14,17,0.14917908345850628,0.037418145088279384,0.05489750403583681
14,18,0.15123408993963952,0.041538187937570976,0.059836045776909375
14,19,0.16294127495660157,0.04175836413011568,0.06152659358535798
14,20,0.18831858310250707,0.039561993201917695,0.06666935700206088
14,21,0.15582026471111268,0.044620759762390244,0.061219983018599294
14,22,0.13432276475442897,0.04399959709163614,0.05581394024096188
14,23,0.1876545368641804,0.03595083311829196,0.058441702306678354
14,24,0.14292524576746124,0.040356135327961375,0.053867655414797565
14,25,0.1610744319001271,0.03932766749690395,0.058880777127255236
14,26,0.16289195268188122,0.0400818480654699,0.060343760421542436
14,27,0.1381194073445973,0.05003954736323831,0.05771807685892871
14,28,0.16924884962302578,0.041081130256128175,0.06079804458917979
14,29,0.14932685249540545,0.04727238229999199,0.06411681449951197
14,30,0.1451240606798196,0.03799845602959108,0.05254105737236398
15,1,0.14099165961409185,0.03977802068180767,0.05481477421072857
15,2,0.1311577958276469,0.03947559498301073,0.05266998113121544
15,3,0.14128348802189747,0.04514056329446577,0.059670994075130594
15,4,0.150831175747662,0.03996553170244828,0.05815746205666047
15,5,0.1371395068570324,0.045948787101341745,0.055174046184251174
15,6,0.13926424460445644,0.03830641245673877,0.052575820781078725
15,7,0.1525840124748919,0.03875336782328888,0.05648216499074674
15,8,0.18158501051503964,0.037269571619691015,0.058199798152942725
15,9,0.12901215496432353,0.03545759045068658,0.048623450432642566
15,10,0.16944922334667487,0.046130185332902265,0.07069024392886987
15,11,0.1354415427511759,0.04119146869258609,0.057266873936785874
15,12,0.13544162578643704,0.03894926032231795,0.05572074071745243
15,13,0.12638544315255085,0.03777070890073415,0.049985585950604663
15,14,0.14322726249607937,0.039277514203274994,0.05756633985807265
15,15,0.14518430741844515,0.04135752896319927,0.056770744762804096
15,16,0.13945509340409284,0.03830043362777202,0.056096232628389676
15,17,0.1294033142749945,0.04025983693825912,0.054600468627236734
15,18,0.13510892217245155,0.042489650533301976,0.05882578438418184
15,19,0.13119563861830735,0.03697447984817243,0.048664040152750304
15,20,0.16543349218163625,0.03860551533419717,0.06075834377916884
15,21,0.14699415653717457,0.044138281259145304,0.05866245266566474
15,22,0.15771041673264963,0.040576531146673,0.05812372410552253
15,23,0.1676629622612837,0.03756335206643973,0.05469546947178621
15,24,0.19789159176506654,0.03668856785309998,0.06118183519563186
15,25,0.15732620442301,0.04067234487808202,0.05846451481866196
15,26,0.11688508841919934,0.03723461310947411,0.04483292896455254
15,27,0.14655131534521634,0.04496504705020953,0.059407355855024074
15,28,0.13783222472352444,0.03874217054862478,0.054453637969808094
15,29,0.16188303643104887,0.038379338871162856,0.05550358202967054
15,30,0.11977451669821323,0.04638463871400298,0.05279051880491394
16,1,0.12522471884882436,0.04098506193591308,0.05468838846502338
16,2,0.14671300790312006,0.03553993068748548,0.04949736835935591
16,3,0.1608594248955651,0.039787894869963356,0.06193540185248443
16,4,0.14288976578583742,0.03761895119412016,0.053675415118431706
16,5,0.13554200516181275,0.039074500416250366,0.05481973945525405
16,6,0.1380478108221168,0.03926105397705207,0.0523148727193611
16,7,0.1763780320815404,0.04050056538925452,0.0648515831547257
16,8,0.13790933091954738,0.041608710135117764,0.0564585728887834
16,9,0.1269963790309542,0.03762935990601427,0.052645629522829814
16,10,0.12898268012356873,0.038453657472359765,0.05365116893937178
16,11,0.1454659864748327,0.03818693225394963,0.05514603791716554
16,12,0.14113156326629778,0.037863416656281394,0.05555350642960234
16,13,0.13774602437361033,0.03814825219693206,0.04871874356812093
16,14,0.13600952030602803,0.035477323625820054,0.04902378858838614
16,15,0.17366249330388167,0.04140578531453681,0.06509524124193174
16,16,0.14862111205126213,0.03717887229032015,0.0542407660930039
16,17,0.1337256719756379,0.04162317438868263,0.05510237842616166
16,18,0.15896577829411865,0.038813530348077774,0.05990487807799215
16,19,0.14377509740531721,0.038698738150411506,0.05361536568160916
16,20,0.14850309555180702,0.03791169903443351,0.05643095798200908
16,21,0.15542798513798695,0.03533475167394995,0.05326085541326041
16,22,0.14475561938218923,0.03952661416813581,0.05515157635091489
16,23,0.15336343285541168,0.03834653304348731,0.05505504705201028
16,24,0.1493905264576488,0.03761336363642725,0.05029377630646465
16,25,0.1523756973853852,0.03832857575249115,0.05365704180839149
16,26,0.144052019832837,0.0392176234865861,0.05703287462271964
16,27,0.14207572919124037,0.03498991623290833,0.05011365500633473
16,28,0.15810295980460892,0.038623732289869976,0.060118797268337326
16,29,0.1834270338582653,0.04380119178200965,0.06649902869599054
16,30,0.12410979390151519,0.04012851791631441,0.04727287479400376
17,1,0.13669416275278082,0.039841941373084014,0.05229316489748813
17,2,0.16389939197236308,0.04000730950573121,0.05672487914202966
17,3,0.12498115025354237,0.034906916471287665,0.04736923871654248
17,4,0.14099214652217937,0.03514368628057218,0.05157146594496998
17,5,0.12840074891512476,0.04106469852127546,0.052839630235448284
17,6,0.1470002212344092,0.04004312710192638,0.05940385958731822
17,7,0.11980023724163114,0.04140008139868852,0.05229404856540158
17,8,0.13721324802678805,0.03865203318292687,0.056009285148972
17,9,0.13171237643323933,0.038488867219721626,0.051382425749803
17,10,0.13576713112734407,0.04011555126729965,0.055483421715822
17,11,0.14498036205647272,0.03880331541469273,0.05523152183834546
17,12,0.13249505222450092,0.042897271730708,0.054979662417114404
17,13,0.15010266814419454,0.03920668092934884,0.05469452696220286
17,14,0.1492663912987831,0.039578095225397056,0.05667607099204067
17,15,0.14162938043361636,0.040436299654699005,0.05679295910554913
17,16,0.12241775685702906,0.037233209633737024,0.05115176776775334
17,17,0.13679278973622677,0.037828707340874505,0.05100555444321559
17,18,0.16977610213112532,0.03829707359660525,0.05587111171547362
17,19,0.11252487024329799,0.03343898201829036,0.04203068201244625
17,20,0.14391349607024,0.03795582845276076,0.054454261672053424
17,21,0.12980940357546109,0.04064271755181623,0.05397710267370339
17,22,0.13090828023850665,0.03414271406634998,0.048004690546265244
17,23,0.12926977871343964,0.042633850770441364,0.056293430984463544
17,24,0.12766956187016268,0.04467423877513547,0.05896270602707
17,25,0.13288638112090212,0.03783554219036675,0.05377346553409765
17,26,0.1264626459718349,0.03650356766801907,0.05030590600956672
17,27,0.15126077115326642,0.03402193260302388,0.05321384725424902
17,28,0.14805310964745746,0.03920480744260065,0.05744422269428292
17,29,0.133805790007922,0.03755298695631299,0.052805709115293246
17,30,0.12968667287128513,0.034256532805559806,0.04767676738998822
18,1,0.12290763874034791,0.037810026221213246,0.05147593322077567
18,2,0.1320372083875796,0.04006389355187745,0.05406047115713299
18,3,0.1361800807371661,0.04246014500556054,0.05902429786680013
18,4,0.1198354847441132,0.03770672243341541,0.049557530268810907
18,5,0.13374370357422144,0.0389496680759648,0.0523513923337741
18,6,0.13182856534565862,0.03952490943540658,0.05501573428457965
18,7,0.15076684288942271,0.043202986238432856,0.06187621201210554
18,8,0.15341252792121293,0.039111601058866,0.05643237168696661
18,9,0.13664702200428752,0.03901988926578657,0.05523611065662626
18,10,0.1730855696720554,0.03885408679302557,0.054911790536091874
18,11,0.11828147320063762,0.04084604840701199,0.05265500823628108
18,12,0.13313962623383604,0.03736698348595935,0.052583496268954526
18,13,0.12914532823852212,0.03611287670495387,0.04890790723242227
18,14,0.1427340181548486,0.04157048073148303,0.0588827601099183
18,15,0.12249712819136609,0.04346040824851547,0.05431204883116762
18,16,0.11948248921658468,0.03674284017047209,0.04789451093728752
18,17,0.14467633104125766,0.03720614917858822,0.05132032786225274
18,18,0.12580611228323338,0.03826965250473813,0.05125501044693107
18,19,0.11896390881892607,0.038117189069251836,0.04864360148132438
18,20,0.11914193314226806,0.03718510780359752,0.04692988381831466
18,21,0.11784667425556773,0.03698340838705227,0.04697875364387247
18,22,0.13049588006356005,0.03788639371033627,0.05307135560794963
18,23,0.12479503318806565,0.041678461572932965,0.05486418408044969
18,24,0.11695261196552158,0.03781798817518531,0.046940551220981556
18,25,0.13478227843174304,0.03800203202079462,0.05136344094690453
18,26,0.15093090748428087,0.044597548119158587,0.06087655555960195
18,27,0.12468996160391935,0.037055609788595754,0.05069521140320627
18,28,0.13608707202231404,0.041733513297960254,0.05580331165666041
18,29,0.133246922766461,0.03683025982810881,0.05334603141777793
18,30,0.14684274788832705,0.04063484987954132,0.056852826510453154
19,1,0.13984334062146667,0.03909371658764988,0.05209009494716066
19,2,0.17003219321075358,0.03796127614069275,0.055389516307760824
19,3,0.12387536610822757,0.04316271475044568,0.05303905695386632
19,4,0.14068808570213148,0.04250180314317647,0.05718502606691517
19,5,0.11782169589788051,0.039721600239177056,0.05105012419430133
19,6,0.1259358285656361,0.037296028404972176,0.04871548665398451
19,7,0.13006573957914594,0.04435002867607148,0.05504343574705484
19,8,0.10973323356852709,0.042708806146317474,0.05182848491913707
19,9,0.12473102606058897,0.04151862741671488,0.05338472045963752
19,10,0.11505440984637913,0.0458643982472949,0.05605335984324746
19,11,0.12919416450674942,0.0373059730206129,0.0531559380540908
19,12,0.12775099344399102,0.040935667993174434,0.051313235520661214
19,13,0.152797791737559,0.040962746307733396,0.06063353318275384
19,14,0.14584766183480735,0.03772716696242084,0.051044445716840206
19,15,0.13473589635471134,0.04128747099538379,0.054575613256213074
19,16,0.12697484820003616,0.04432867970721837,0.05351039293403204
19,17,0.1217519766602994,0.03851806852091775,0.05152223113950224
19,18,0.13159773894182134,0.03716968102021419,0.051281179028280804
19,19,0.12170225287466581,0.04623177929518249,0.05555760383075431
19,20,0.1298647123246233,0.038494517872369266,0.05138401532567648
19,21,0.1291114176491205,0.044558629777589405,0.060654341305080336
19,22,0.14618382142251332,0.04242389568578945,0.05615462560916393
19,23,0.14468152782370008,0.03496255638717067,0.053248576517755046
19,24,0.12695098290252396,0.034604672426173703,0.04962386678267897
19,25,0.1336164021528359,0.04013650785845062,0.050666888450714785
19,26,0.11617467660947328,0.0354050077039302,0.046171628900378896
19,27,0.129531279412004,0.03717368241821096,0.05329841511209969
19,28,0.12774665727064424,0.03804990592674417,0.04987799281829863
19,29,0.11344748803873397,0.03963469998365278,0.04877316072814312
19,30,0.13751954005475509,0.042360727665513846,0.05646137711045262
20,1,0.11171900357751409,0.03663546750672582,0.04221609820708743
20,2,0.1264117059385106,0.04345840301172757,0.05654798298913283
20,3,0.14024301540127077,0.04036981667448013,0.058828181900769494
20,4,0.12678843689239336,0.04231837377388844,0.05093803079618232
20,5,0.11266304427512204,0.039315441933877024,0.051275018262082285
20,6,0.14000318090768477,0.04279014477998566,0.049617767205454924
20,7,0.13453671330663072,0.034257956722088145,0.04963283369457019
20,8,0.11111247707948405,0.041492153193640434,0.051071465536884346
20,9,0.12932841009416127,0.041001687609230744,0.052593853272552823
20,10,0.11950907227286521,0.03467308068712762,0.045766461485016924
20,11,0.12222058458207573,0.03905213080517503,0.05133179956133107
20,12,0.13544406001189327,0.04077169074821175,0.055044411801433414
20,13,0.1169144450867498,0.03526582975863983,0.04727332596527405
20,14,0.13438328800316307,0.04402846138719953,0.055928721274082466
20,15,0.1401169462669904,0.03388536536936897,0.04784948108255076
20,16,0.13425680667825565,0.03516168882421588,0.048772800438945524
20,17,0.15620937362946452,0.03672910488546116,0.05351314133988176
20,18,0.1410111048403469,0.04053767832943049,0.05673343980761839
20,19,0.12227343688254894,0.04029385083260413,0.052395841938192994
20,20,0.12532998306058513,0.04115241240508436,0.054474663536780675
20,21,0.12632350395155514,0.03748403495315081,0.05020656210108514
20,22,0.11629647904444947,0.0462959691239108,0.05343018683820825
20,23,0.13030114602560303,0.034971403508523645,0.05210443558009422
20,24,0.12358802565769453,0.04088406414823468,0.05008984807806977
20,25,0.11537257872919097,0.03983701567123841,0.05080096751353526
20,26,0.12803875129207948,0.03814177009658292,0.052326438695142474
20,27,0.16526608712781338,0.03850099535229431,0.05775280466638976
20,28,0.1347444711915776,0.045441101692593626,0.05856661918288786
20,29,0.11849253829170836,0.0385040364355931,0.05058539204888517
20,30,0.1265943144934261,0.04208172111140419,0.051412316532069395
21,1,0.14204862703273297,0.04159462467147072,0.05529881595053407
21,2,0.1264375739677151,0.04184999553518473,0.053688141795942675
21,3,0.12761305168103523,0.03588026773417087,0.04963610913252145
21,4,0.11811131150930715,0.03915573340741261,0.04978942209754091
21,5,0.11129400795356353,0.040708600750487316,0.051595244791398404
21,6,0.13110218059744985,0.04232535406716693,0.05488048315479121
21,7,0.13149514718276306,0.037231060640413156,0.04747227352728396
21,8,0.11156020474414752,0.0402702252559364,0.05075539432072508
21,9,0.12629843155263276,0.042006797438622574,0.05332056242277207
21,10,0.12255220724211392,0.03656310525228081,0.04754910596022408
21,11,0.11534888652703558,0.04133941207976583,0.05251850057459737
21,12,0.12586402361995977,0.03550733742199014,0.04720739328820389
21,13,0.12608165713903585,0.039313833921314545,0.05246553331519505
21,14,0.13329143164830068,0.03670278229236191,0.05266529842755272
21,15,0.12704692371258328,0.03837279618990055,0.0506099727406872
21,16,0.11346051722248267,0.04130518480941478,0.05242552528424412
21,17,0.10934778729979543,0.03592182743563779,0.04662898448330737
21,18,0.15569913962977155,0.04151786392572798,0.059251767800718357
21,19,0.12899753931507602,0.04385521519981064,0.056197967011788905
21,20,0.11882041933070839,0.04142404669294414,0.05077779667508882
21,21,0.11186485371045989,0.0375453537413811,0.04875133951724864
21,22,0.12645471184466414,0.03494707466581918,0.04971408663728452
21,23,0.12489094165844397,0.041566694654887104,0.05451923606009434
21,24,0.11421511551939978,0.0427102880640936,0.05260255561853913
21,25,0.10057481046900918,0.036703470042475775,0.044780109846983565
21,26,0.11273394138864015,0.03784312031742494,0.04596264455606058
21,27,0.1266716615361043,0.0433605156073105,0.05419533296360289
21,28,0.12998576491593666,0.03678466517438568,0.05042040374513609
21,29,0.13497318390145865,0.038826084917333775,0.0524123486474506
21,30,0.15356403952972106,0.04245642251032905,0.05466020669841654
22,1,0.14264872470568263,0.04213074657373823,0.058081745547248396
22,2,0.1294575755976648,0.036059314001714735,0.05158441649269183
22,3,0.1256492071922879,0.04806452500162306,0.061558938631623365
22,4,0.13317149868986863,0.037036039190532846,0.049293550966130334
22,5,0.1050395015947103,0.03558323879906748,0.04488791018708763
22,6,0.11473195287722583,0.04541853245369755,0.055323439665191425
22,7,0.1268458495656887,0.042290874154198466,0.0538487713720661
22,8,0.11033801490907512,0.043631475850673486,0.0523090888713284
22,9,0.11955913188186376,0.04133559912267393,0.047778750098866306
22,10,0.14078343273050764,0.03891408834859722,0.055346227422769206
22,11,0.13112108954546056,0.04050560239206192,0.055624925053658465
22,12,0.132748233453843,0.036640110755056035,0.04982830907330461
22,13,0.11033066445839677,0.03474818184687862,0.04522671309047305
22,14,0.1195230224496027,0.03817347730141343,0.04994709650636251
22,15,0.13430294892712888,0.0354357427421713,0.05291505084579154
22,16,0.11535386994737687,0.04145445473730519,0.05268033855223322
22,17,0.11449359378948196,0.0355175044740736,0.046348673555380845
22,18,0.12365117190082392,0.04025674634921749,0.050190982563258435
22,19,0.11526097227572264,0.0419931193286005,0.05176232910352166
22,20,0.15064017460431445,0.03713305132082897,0.05364574704888214
22,21,0.11491163789460092,0.03744749452452589,0.04314072926334765
22,22,0.11893628706401325,0.03458830486971371,0.045048110164211716
22,23,0.1021762694252181,0.03520554342674192,0.0443077479417312
22,24,0.1185829398442586,0.04112518575828115,0.05212189318790537
22,25,0.13070000780684016,0.043251727584134585,0.056596572982140485
22,26,0.12186394631050843,0.03225635230980557,0.04198055627364833
22,27,0.11552544249862176,0.04310359872195385,0.056754359780106796
22,28,0.13183406295781855,0.047088553287877866,0.062120078903855486
22,29,0.1286503855845399,0.03549053497563049,0.04854417875113184
22,30,0.13381255845922835,0.03864157675313662,0.053789014434481454
23,1,0.11457608245743416,0.04098085649814798,0.04911330817870909
23,2,0.10700334796949222,0.03626526929141386,0.04523876036859684
23,3,0.11062448598263097,0.040490309795197,0.049888227013833095
23,4,0.11655411809081904,0.041461491723971906,0.05288030910252528
23,5,0.10729901010857912,0.031271938065793224,0.041948763231538316
23,6,0.12510385217003442,0.039282615604787754,0.052154018860399935
23,7,0.1142139560442541,0.03949011399502488,0.05010980393111877
23,8,0.12218980818020853,0.04344548444248651,0.05440988763669854
23,9,0.1178525111174795,0.036432295714127406,0.05045810396109949
23,10,0.10314949779268913,0.039134283176329956,0.04857146798467229
23,11,0.14805366381522445,0.04086275203785051,0.05923028252862433
23,12,0.12616557761701575,0.03587564608785462,0.051088164207066813
23,13,0.11385460771066036,0.04776709670347225,0.05690776264708536
23,14,0.11964120954788214,0.038237094269023025,0.04859949744051237
23,15,0.10728338928752608,0.0374947604401104,0.04742688950967096
23,16,0.11653205285871045,0.032610784718784966,0.0438213603260733
23,17,0.11347904601056949,0.041236270386763973,0.05208050060772776
23,18,0.11113639567779153,0.03658148951113194,0.047377201698223015
23,19,0.11231862039508062,0.03748518780867087,0.04943578332693559
23,20,0.12612750085482013,0.04152941533899834,0.051069911271082964
23,21,0.11044501306477264,0.042043449462572324,0.05110468314323851
23,22,0.10826395167848703,0.04761075185262054,0.05641329048995227
23,23,0.11899606636613203,0.043098777041202206,0.05410120822751383
23,24,0.14351261698997317,0.04221571714172027,0.06029379728240827
23,25,0.12758554750371678,0.04689530069306212,0.05882595252212019
23,26,0.13169586577584244,0.041817312426457434,0.05763533916521034
23,27,0.1424730927783264,0.03829144389738055,0.05628683628302468
23,28,0.10956230636039302,0.039562543692835565,0.0468221702825142
23,29,0.1429740398259598,0.03561200781988556,0.050026471427347154
23,30,0.1199345789432278,0.047632058090033486,0.05905478640058519
24,1,0.11083645569130474,0.03728698891568465,0.048434922550532285
24,2,0.10439846496587678,0.04001357253743686,0.0466451711910279
24,3,0.11272275246560831,0.0403466119802797,0.05226708406625602
24,4,0.1045854210716899,0.037114791731921705,0.04703757833021466
24,5,0.10307206695477553,0.04128308370509138,0.05039237442295082
24,6,0.11031135681445568,0.0341392760895228,0.041697979606185265
24,7,0.11467239531016793,0.03854519466824298,0.04793859846729691
24,8,0.11811063271199214,0.04295554388627778,0.05255640054077616
24,9,0.11688423848465529,0.03706080939460347,0.050327771670879616
24,10,0.10127740684299186,0.04283229233991611,0.0455019356315875
24,11,0.10881612995791944,0.03749384804944922,0.04765359410818732
24,12,0.12068022298306841,0.03852693555314928,0.05166533208343187
24,13,0.10862450527482241,0.03784898048383113,0.046506324440705404
24,14,0.11832470556380152,0.040008677917305134,0.05185378259211326
24,15,0.10580606441638855,0.03955404162973577,0.04776504789347398
24,16,0.12573887776611983,0.03335464140334584,0.045407953905047364
24,17,0.1081241600509042,0.03899298568799755,0.04973460077978003
24,18,0.1214552297186418,0.03831264774705804,0.053472041842230776
24,19,0.11865106833442442,0.04386382471070529,0.05236591288652105
24,20,0.1217255965405404,0.039601414632329385,0.05494493160090607
24,21,0.12848662799808233,0.04003339568066136,0.05584820189191529
24,22,0.11624549138970323,0.03983652183948104,0.05251952802446804
24,23,0.10125767032533275,0.03376160204588342,0.04120953764419078
24,24,0.12497935773696309,0.044583918965955024,0.056723108268463066
24,25,0.1183008661620005,0.03740363412179089,0.04979915911559245
24,26,0.10861448599243245,0.039580671596432554,0.05076032324042733
24,27,0.10297712289799218,0.04404953666164526,0.053217663908529535
24,28,0.12697728689653423,0.03564605539755869,0.04812065539330556
24,29,0.12098337582706375,0.04484776596226508,0.05769019021973192
24,30,0.11593937796455196,0.04027601790736786,0.05244714901036734
25,1,0.10986584208084642,0.03789883084983679,0.047801625267333316
25,2,0.1099927657040355,0.037079064492373574,0.04911876221222563
25,3,0.1335969602828399,0.0384287590674243,0.05459642277535856
25,4,0.10953758466547377,0.041895256159100024,0.05070821785093733
25,5,0.12476767840270113,0.038908790243596544,0.054721765789759576
25,6,0.10091457784587755,0.03584626189180282,0.042078071853509376
25,7,0.1181789512974153,0.04335724592001688,0.05391071233869059
25,8,0.12681013978433173,0.03852035852128631,0.053794688107738055
25,9,0.10724793928895499,0.035789475329181045,0.04533033151179135
25,10,0.10377511977517725,0.034461315153162274,0.0447662010948715
25,11,0.11468537323105331,0.0427756246404227,0.0542595076905879
25,12,0.11149181054104405,0.04355927292951143,0.05486423576278106
25,13,0.11758779306515107,0.03916015109683385,0.04947529086237561
25,14,0.16419508351763984,0.044102749128397,0.06364182269255524
25,15,0.13342951688519933,0.03683669280502562,0.05167038444419005
25,16,0.1324791958325604,0.04204980443070831,0.05085694024121818
25,17,0.1309813005430964,0.03733244573657167,0.05236875284570138
25,18,0.09731514937440248,0.04379568093311046,0.050404677172142275
25,19,0.11059855457163907,0.03607964284057537,0.04782073442902264
25,20,0.10981637895457912,0.034530005885703395,0.046958980189270666
25,21,0.11610205440426286,0.04235248674950666,0.05253505114801965
25,22,0.10678965229436431,0.04234570018749198,0.05182335183956696
25,23,0.10030785609923609,0.038703043304426324,0.045976495674813524
25,24,0.12724791762051996,0.03778130755585859,0.04827277463993926
25,25,0.12537801871677245,0.03732871299692412,0.0515659666700577
25,26,0.11575251823541464,0.03614673984879385,0.048152315253323634
25,27,0.11129316884058546,0.03971365085247101,0.050680286032851234
25,28,0.10811453029082536,0.03646888665278399,0.04310330552377785
25,29,0.12445752981231638,0.03724659361750521,0.052128561764183616
25,30,0.0959297808599355,0.03598181012346541,0.04423831767207662
26,1,0.10383798028369147,0.049703448525457355,0.05634968936015383
26,2,0.10837975507728356,0.04108862427637574,0.051160554794381266
26,3,0.11502373746912506,0.04403096786205679,0.05672311818736583
26,4,0.1041932874150312,0.037754856918017714,0.04940127135857934
26,5,0.10294656094263416,0.04015283085124062,0.05018886868085679
26,6,0.12067823435548113,0.04157383101505603,0.05555335016976876
26,7,0.1248133012568635,0.04011452150645857,0.05101741963143202
26,8,0.11477259751891629,0.04261199719797706,0.05415692462610447
26,9,0.12163312532753327,0.045011250366865735,0.05761518521222145
26,10,0.11026339361957578,0.035562216804569086,0.04836937133822267
26,11,0.11884829061226095,0.04108868018154482,0.05234755763654813
26,12,0.10761385455254885,0.03937463881876519,0.04685153942328399
26,13,0.10736323523026113,0.04294302616609005,0.05269442815874003
26,14,0.11031198231259236,0.039493154148335444,0.05105621304947295
26,15,0.11043859167374019,0.04517448096201422,0.056471143592142274
26,16,0.102310522699128,0.03729704463513898,0.04492559196857993
26,17,0.11257943721857126,0.03982831915391924,0.05103238680645985
26,18,0.10944934908709492,0.037665256440676045,0.048944941647926024
26,19,0.11069842508822239,0.042748906045577496,0.052429802523085406
26,20,0.12906455243841358,0.04038268289017583,0.0563154006466121
26,21,0.09885656607598037,0.041612530456820486,0.04749083024807925
26,22,0.12634675124553588,0.03676498389433825,0.04911738452472681
26,23,0.12200762789191723,0.03802560714335522,0.04922989952537273
26,24,0.133139654845848,0.03709345006928005,0.05012805654193425
26,25,0.11581478282638255,0.03833077745108154,0.048998784100531816
26,26,0.10084084873744878,0.03640250623848009,0.044570096886139464
26,27,0.11194684990871209,0.04357294094886027,0.05362327334755612
26,28,0.12262676827239072,0.038823080915644986,0.051033374595948706
26,29,0.11272725357638402,0.03430486318195884,0.046326915692439775
26,30,0.11885226496660208,0.03647049388975698,0.048115197033109985
27,1,0.09480426360208329,0.04219671998530831,0.04699357806989422
27,2,0.10500251335382664,0.04046162427920497,0.05017748685487353
27,3,0.1084359576357856,0.04570821375465933,0.05523868066007573
27,4,0.09852941043852588,0.03443878533868624,0.0440454732941646
27,5,0.09145416635763559,0.03843870001702099,0.04342184631104682
27,6,0.10700477779397809,0.0367898232017233,0.04413371940534677
27,7,0.11999248496120693,0.03337789117773045,0.04372923049471483
27,8,0.10841272892829572,0.03802394092345301,0.047637774502980755
27,9,0.11780785838348996,0.04266638527010175,0.0553040527644904
27,10,0.12122872010611327,0.03751544267666968,0.04901404630420398
27,11,0.11868333349729578,0.05138334334637955,0.06028140409241108
27,12,0.10924572009809286,0.04576779635325989,0.057330251315024325
27,13,0.11127763548050543,0.039650660260957926,0.049489262220469225
27,14,0.10828229507987155,0.046664927081338424,0.05355607324899949
27,15,0.10295218112631117,0.04598237888900039,0.05201593739385618
27,16,0.11922804105970916,0.04429474169642599,0.056630463619046625
27,17,0.09001783976723882,0.03946328286970269,0.045851687258956955
27,18,0.1064915817364643,0.04043478551689172,0.05031661971663705
27,19,0.11837761897455672,0.04123299215796105,0.050177540315777
27,20,0.10120051721940376,0.03143078429094678,0.03984275562598244
27,21,0.10505848833716934,0.03841362457597591,0.04499351513776682
27,22,0.11421344381201838,0.037576094054683845,0.04445175751891571
27,23,0.09676497048185508,0.041346162218308335,0.04662106509921783
27,24,0.1102202977640562,0.040193352868665336,0.048661107638397275
27,25,0.11736245827979713,0.03849956615262852,0.04804716022323757
27,26,0.10658356403015994,0.04373737980746044,0.05161247868329234
27,27,0.1252925127206978,0.0399732849382861,0.05081986312546126
27,28,0.11579465665117106,0.041144394586440085,0.05064357771008054
27,29,0.10474122894468896,0.03867643594116351,0.048264724517592686
27,30,0.10217538889721635,0.04500978722373806,0.051708463962827564
28,1,0.10777116633969275,0.044911079145734376,0.052420829937217944
28,2,0.09655586921801765,0.038072559874889944,0.04616018561984226
28,3,0.09973293317531476,0.03674155502278863,0.04449603762422442
28,4,0.11413365117577126,0.0372561457452629,0.047025433397995496
28,5,0.10238788321953135,0.04117654191101809,0.0486678003083968
28,6,0.10288907069320578,0.04346664399094128,0.052831629215140216
28,7,0.1263183425445158,0.044113351854355234,0.05755418332730502
28,8,0.1000343073729457,0.038861110140687924,0.04620701633073551
28,9,0.10370241270351618,0.038508458942470944,0.04752917491699555
28,10,0.09228163740450457,0.04271635403293689,0.047852979852034114
28,11,0.12074282717508097,0.042975370722071554,0.0517430880213163
28,12,0.10434221749762199,0.040880788128837914,0.051216462781465244
28,13,0.11781972278357523,0.037661341559309176,0.04786444384884397
28,14,0.1036901774343897,0.03997770989255895,0.05074802604876292
28,15,0.09650522637466392,0.038258823262145226,0.045796835954832325
28,16,0.11287014014171405,0.04338996469233165,0.05285024831064831
28,17,0.11956738337631931,0.03556119335927703,0.05031943263547976
28,18,0.10036799099356217,0.04477567533056142,0.051754412655763915
28,19,0.11133820498820776,0.0368892479688207,0.04345980505933195
28,20,0.10143266845780846,0.044599984413229356,0.050949833568168415
28,21,0.10124687339541785,0.03992092013223582,0.04561871146846139
28,22,0.11604908256084487,0.04944063070356116,0.06054726540761726
28,23,0.10300496902128416,0.0411411721274979,0.04993661759264043
28,24,0.10109387985571225,0.037937406874404445,0.04592878400067912
28,25,0.10625358945927157,0.03795154355599515,0.04836601939133331
28,26,0.11352820252276832,0.04435141023235526,0.053810927249938884
28,27,0.1066418352899196,0.041576350331690326,0.05091647564971989
28,28,0.11955610364407945,0.04274008664151598,0.052919442804740986
28,29,0.10524809035385536,0.03548866536578691,0.044434894061217756
28,30,0.11953770064332805,0.03960378298475529,0.051637059547477944
29,1,0.09008276374694542,0.044107371001647376,0.048504223813883335
29,2,0.09837972963793824,0.04035579377624117,0.045436294643994554
29,3,0.09559907953030813,0.03974927633665716,0.04632320216013942
29,4,0.10283186662093331,0.037981519608349695,0.04660223870837018
29,5,0.10699817656233687,0.040231009141889526,0.05066182949628631
29,6,0.10269151779117017,0.038305091196781466,0.04764856289544828
29,7,0.10765934673253398,0.04232861570316253,0.05119045342676878
29,8,0.10771005428095821,0.04812289475519045,0.05619468224551331
29,9,0.10994981198685243,0.037997669672063174,0.05051699713589158
29,10,0.09714275879358586,0.04059409722025058,0.04776513975457124
29,11,0.09145615512669499,0.040457099613008814,0.046453254038112374
29,12,0.11685225936049302,0.04346244202736472,0.05647646727744784
29,13,0.1117159343604546,0.04038688189243178,0.05147005286536626
29,14,0.12370445173742889,0.03822169585418761,0.05087797290502034
29,15,0.09901593891908524,0.043326965185494254,0.05119624664317814
29,16,0.12879371027982026,0.04023195308421159,0.05195475529889152
29,17,0.1132794648516272,0.03807954307686466,0.04997746340133472
29,18,0.09945975456272453,0.04285928445650938,0.05059770977594189
29,19,0.0988714692723723,0.04185700320584385,0.04612741625608624
29,20,0.11464984946025193,0.0422714116649417,0.05278863916829106
29,21,0.11598244526563156,0.04088099000626785,0.05298471765792056
29,22,0.09119716983540913,0.03603466427869814,0.043561539472796784
29,23,0.10491406311654387,0.041434106615455234,0.051136498476388785
29,24,0.09865024397544102,0.043496161111499315,0.05179631978004377
29,25,0.11404093227473287,0.034207588270230724,0.0436609515270323
29,26,0.09966448026547343,0.040176192804104685,0.04811080001049461
29,27,0.09764655210474725,0.03916598953861311,0.04764732128283402
29,28,0.11402285309796611,0.04006129001544017,0.04858769696896983
29,29,0.11355292100122856,0.03719152311436303,0.04677584725306415
29,30,0.12082420601689449,0.042281490831274825,0.05277090466623645
30,1,0.10240794481946754,0.043315777025360075,0.053253599916082674
30,2,0.11710329066059133,0.04547213169484075,0.052447024390918084
30,3,0.10190069613528893,0.038053166372678075,0.046367965023746946
30,4,0.09782916819766622,0.03851984167117343,0.047638195495924573
30,5,0.10297427027409542,0.042859520907810686,0.05122191864095705
30,6,0.10521327976969833,0.03883676585084687,0.048066329864973036
30,7,0.09331273717043272,0.0393892803865732,0.04719429653021602
30,8,0.09604750592329132,0.03608637350538853,0.046140106520946224
30,9,0.10823069602759149,0.03876231306381365,0.04863729756732581
30,10,0.1014829802905565,0.04451919660080992,0.05168428803545109
30,11,0.11077266168888057,0.042049415181113235,0.050573756167079036
30,12,0.09648527956190707,0.035625106486806175,0.04084850443688158
30,13,0.11652341914053461,0.040471482267908074,0.052273305190233064
30,14,0.1016876064546076,0.040221658372998126,0.04997742311534379
30,15,0.09590234867926696,0.042744634991282754,0.04962032600094148
30,16,0.11782740626536332,0.043825827045580606,0.05412957781024664
30,17,0.10972186804585736,0.041692860440049294,0.047709288638808675
30,18,0.1018459156059115,0.042119940111849774,0.04943175726998583
30,19,0.11506698850426474,0.03725191071412771,0.04941928424243777
30,20,0.11233406191475757,0.044369937937772407,0.054112377641927493
30,21,0.1116484124022513,0.03957277889458496,0.048004860447767916
30,22,0.1028817140871214,0.044216660940338166,0.052400044225590935
30,23,0.08751863741883883,0.03973580977023121,0.0451618788980693
30,24,0.09010017584346713,0.039967026482870524,0.04545390609734918
30,25,0.11438709830025758,0.03607516005762982,0.04586572545904001
30,26,0.08963001176412735,0.04411831013994306,0.04793248350836457
30,27,0.10863221206896896,0.037655567882812026,0.046655296076133015
30,28,0.10465709114406416,0.040866058142801816,0.05052920047730972
30,29,0.1165097090475205,0.04211035136369846,0.05390819728780225
30,30,0.10643765350321836,0.040694310950346355,0.051312515263964374
