sweep_value,run,error_1,error_2
1,1,0.9759077220895194,0.11213286790727728
1,2,0.9759360676044099,0.11967271358909279
1,3,0.9761637181233545,0.08626248367729063
1,4,0.9749288087395112,0.07468391724795594
1,5,0.9745896832644343,0.07558755617260937
1,6,0.9756510329122734,0.06888397990076627
1,7,0.976018141315413,0.1082912365017822
1,8,0.9752718327062421,0.07354424155445598
1,9,0.9755456530741469,0.08399844123444854
1,10,0.97665440689676,0.16008724287645928
1,11,0.9757838241305149,0.09073075172234193
1,12,0.9755282224641948,0.0730116521866746
1,13,0.9743677640933179,0.06708307854339235
1,14,0.9761373412601744,0.08917832097598863
1,15,0.9749507522533496,0.07180537119468766
1,16,0.975918851350937,0.09645823295651659
1,17,0.9744868508631652,0.07309259373666199
1,18,0.9771808282817811,0.1585162316072034
1,19,0.9751913610548805,0.08281279878966702
1,20,0.9754755969287464,0.07441392233058058
1,21,0.9750558610963622,0.07542872398824545
1,22,0.9749850361174901,0.07526220400450269
1,23,0.9760101262851789,0.1046497151869526
1,24,0.9753566947828222,0.09201557491542982
1,25,0.976151117348673,0.09487391984032982
1,26,0.9752753613039221,0.07338231364297629
1,27,0.9761678755802633,0.12423629382431954
1,28,0.9751910957615071,0.08214040097956013
1,29,0.9765558262004306,0.11209037069448508
1,30,0.9744880255035064,0.07132464004563399
2,1,0.7650523777262725,0.13047981809612638
2,2,0.8017968551721724,0.10781420357069632
2,3,0.7725132015758719,0.11845701525609814
2,4,0.6864102230529969,0.09509508190013578
2,5,0.6897835062235708,0.1260050085498829
2,6,0.7867450147772519,0.14440371722925627
2,7,0.7170971335011663,0.18680981018709683
2,8,0.7208263814350417,0.10913049721185393
2,9,0.6856166631889048,0.08612340197820596
2,10,0.8636837584750535,0.18480887221255182
2,11,0.7508422122686768,0.07732031669690508
2,12,0.9021226772646505,0.08958170794640344
2,13,0.8507925666092112,0.14693615569807486
2,14,0.828852894475935,0.1243174780795275
2,15,0.6981687308261829,0.07177279050916685
2,16,0.6967575774364066,0.16961197471910128
2,17,0.791620255990667,0.17708569459067752
2,18,0.7629138407601697,0.08960739970551734
2,19,0.9665986946578421,0.08426276510053614
2,20,0.6973953802417846,0.1458643391972446
2,21,0.9193213839873238,0.19148745846972803
2,22,0.7479451735164898,0.09228707609007686
2,23,0.8152311076329742,0.1464136238950735
2,24,0.7228955636944887,0.1265178760678944
2,25,0.6951434767842994,0.16432334839152782
2,26,0.6960359647902993,0.11635538970141475
2,27,0.7848869527779228,0.22686325377246658
2,28,0.7444758395194009,0.06378974897373849
2,29,0.7021865360469819,0.11476237964419925
2,30,0.7612954278954769,0.12037842506504363
3,1,0.8675788494626521,0.11765246743887867
3,2,0.6563928923323991,0.13109320479667283
3,3,0.6098493338364688,0.1723863586457668
3,4,0.5718140896408066,0.15855644319930098
3,5,0.7445644625936916,0.09773129083141743
3,6,0.5597187883183439,0.14784305258666788
3,7,0.6738272118728412,0.15366515587424515
3,8,0.7199862326933103,0.08629808620672941
3,9,0.6306285273919233,0.12261622282646685
3,10,0.6048814864355734,0.20748456910920682
3,11,0.6738662542095646,0.17039417480565847
3,12,0.5659372707727276,0.18898083955939296
3,13,0.7109937054933458,0.13630666985191522
3,14,0.6640706420281092,0.12473770810219603
3,15,0.6421384986855825,0.13915656302518395
3,16,0.6049869159208632,0.1347708504116569
3,17,0.5692948782409593,0.2016093291717464
3,18,0.5942477577296192,0.20464927480396075
3,19,0.7690452108096675,0.10604602304581803
3,20,0.6347791802070073,0.18024609343639184
3,21,0.682351534296788,0.1831713171141866
3,22,0.7244092537125105,0.07578485976055062
3,23,0.5742164884923531,0.1610949749780592
3,24,0.6669831620317688,0.15569000279446207
3,25,0.5629226136764195,0.21471586475819693
3,26,0.7948315670341067,0.1586872808297885
3,27,0.6437819466654344,0.17439441369371517
3,28,0.6514077417661224,0.13062267362019098
3,29,0.6672492216020476,0.15470408456307974
3,30,0.9267117782276485,0.10750340401510372
4,1,0.6795349477627957,0.15277654353973463
4,2,0.7155255682237688,0.17049719000045746
4,3,0.6718460603351647,0.11314874940365462
4,4,0.5302431661349831,0.17773411683740883
4,5,0.5089341097594079,0.17258798788186513
4,6,0.5601790531781363,0.1360239880309346
4,7,0.6311406340217312,0.1291604059168884
4,8,0.5488554295736431,0.19624133553091594
4,9,0.6195790408645986,0.22378915633640797
4,10,0.7943757403103527,0.21686463610386064
4,11,0.7327789060682897,0.13606454862803763
4,12,0.6600678396733831,0.14128687040153232
4,13,0.49629783079639705,0.1307490135197866
4,14,0.8243508255848486,0.06790159724957298
4,15,0.5569450327733286,0.1888393816115487
4,16,0.592326882139119,0.21056566368005755
4,17,0.5845023539857822,0.1535567365611736
4,18,0.6176966355420781,0.14327022352711194
4,19,0.670402405505375,0.12397217612074347
4,20,0.716850563805277,0.17547213151935953
4,21,0.6434618914454998,0.15233923673538094
4,22,0.49229618990650303,0.1804223701191261
4,23,0.5608622205374605,0.18919634955271705
4,24,0.5457515194270814,0.18117584156465566
4,25,0.6098406461389754,0.16857864304125128
4,26,0.5781034536874933,0.12462096164723534
4,27,0.6583026195234701,0.12527930707132082
4,28,0.5917268435847827,0.12965960417875472
4,29,0.6048622035736175,0.110385399221566
4,30,0.6227105957083968,0.21103953405416964
5,1,0.5796790588895352,0.08392959205476605
5,2,0.5265620708839309,0.20663326851187308
5,3,0.44528788938656505,0.1278415290452224
5,4,0.5653900602069237,0.24807924818671404
5,5,0.5376768769719408,0.14439906359619753
5,6,0.48650037228528126,0.20528059419694816
5,7,0.46776035309761926,0.2157046514820233
5,8,0.7059829397495317,0.1667207586712013
5,9,0.5272288095994475,0.12026461240892695
5,10,0.6390325547902205,0.15290770416530602
5,11,0.6061078626006126,0.18348773088756973
5,12,0.54522138999665,0.14823958579670704
5,13,0.5273038926067231,0.16175134869047805
5,14,0.508298903882146,0.16216018730135973
5,15,0.5518262794217069,0.1290809524318132
5,16,0.5160701244456756,0.0889602714275719
5,17,0.6174349773626165,0.11361573746538217
5,18,0.5016022507311547,0.1884394075468157
5,19,0.5514793221527534,0.23544198509461842
5,20,0.5791762490498102,0.14547030883604992
5,21,0.5251796206661777,0.16517380511002414
5,22,0.49240865725485106,0.14228498828279967
5,23,0.56560336444558,0.1151516923961862
5,24,0.5643903920285399,0.17454316961036975
5,25,0.46531181524943666,0.17204626760985114
5,26,0.5362070975150678,0.13975135937168642
5,27,0.576794852514784,0.13564853297287882
5,28,0.4947126163757188,0.21410778212143336
5,29,0.48473162911159456,0.13204300093940757
5,30,0.6082599972742159,0.12351087020670419
6,1,0.4722481439104054,0.15795602866227287
6,2,0.5073262965709158,0.15905005787110324
6,3,0.6594500174753355,0.1536336869508371
6,4,0.4762735750731254,0.15619239092642073
6,5,0.4855341463863383,0.15134678908229482
6,6,0.49064772463388295,0.10090984725567
6,7,0.45234003117523497,0.12495818973020614
6,8,0.6167451071062998,0.15069198924977492
6,9,0.6829444965345903,0.18839736789220174
6,10,0.6672928120883469,0.18509576833267077
6,11,0.43806343502809253,0.12291128856724987
6,12,0.48532681696147134,0.12412789957360763
6,13,0.6365700495467622,0.13899151482386352
6,14,0.6523537542488517,0.14270137359066867
6,15,0.4396000540948668,0.23647942168604025
6,16,0.4694542421995077,0.1633874841986767
6,17,0.4429278844855681,0.18765919975075238
6,18,0.5141885778806556,0.21486724780996375
6,19,0.45260313665378343,0.1383534909433955
6,20,0.5079637785338457,0.11880341377167562
6,21,0.49502323341189225,0.23155042318511446
6,22,0.5848178484812792,0.13298149371365395
6,23,0.4786958554622699,0.12680585235797381
6,24,0.5271717906704738,0.14537298632168455
6,25,0.606470118232381,0.18319093332301917
6,26,0.5316997117333303,0.14903311502359887
6,27,0.6307122740822052,0.12743446207884745
6,28,0.4606084674113364,0.15299561258483402
6,29,0.48140752864955755,0.24977182587080432
6,30,0.49860810766094266,0.1491588917596467
7,1,0.46857630221235175,0.12874548921922402
7,2,0.5307543336858096,0.1828719492208921
7,3,0.4958406580348856,0.0988713048502917
7,4,0.464379157175296,0.1877883821762424
7,5,0.4256016176362553,0.17460597185517285
7,6,0.4690558956570131,0.2155028004196677
7,7,0.41154381964972414,0.15684201963211525
7,8,0.4400807135375963,0.17832583247884526
7,9,0.564177756304739,0.17842518723669007
7,10,0.5824660876153521,0.11819831920343452
7,11,0.5230795773945951,0.21058810352766086
7,12,0.49251400592822164,0.11655588610362481
7,13,0.5330989997714066,0.20960927988774158
7,14,0.3937682110143942,0.22557824295366968
7,15,0.46904851077595044,0.20859991524095708
7,16,0.5055169996866915,0.23827672496654007
7,17,0.3994853710532058,0.17608564345329233
7,18,0.5733972904080389,0.15182544918213287
7,19,0.4342104463578699,0.1952563976345436
7,20,0.4748807504205939,0.1219169002438266
7,21,0.39568282225514667,0.22681728815850563
7,22,0.43961696781744874,0.1979763561310399
7,23,0.6019324290503744,0.15083658110424567
7,24,0.4265001155530729,0.18305274202752558
7,25,0.4526344687378299,0.24771424805378567
7,26,0.5140629106442527,0.17224669195895215
7,27,0.5011213687818223,0.16468082920105145
7,28,0.450320957180363,0.1194951402273349
7,29,0.4027848676944203,0.16166167028361153
7,30,0.3962467762557764,0.173135118002734
8,1,0.40596338233119666,0.18265009402411495
8,2,0.4560836494934553,0.17769108660663427
8,3,0.39972156527423736,0.19816299640583046
8,4,0.4450642959984412,0.16436062843657925
8,5,0.3658067606464775,0.2044347924404577
8,6,0.4497299483065515,0.16530887672408592
8,7,0.47891387839074767,0.18677284036187625
8,8,0.3778989049437647,0.23322167590469545
8,9,0.42604210488699185,0.23036731409147165
8,10,0.42668624030754526,0.17223201453327314
8,11,0.4895168407272711,0.11670819931693564
8,12,0.4911060566529284,0.14054971766659158
8,13,0.5176707782467244,0.15714099311211707
8,14,0.4970884543107024,0.14195014006238865
8,15,0.46575556162601434,0.2263283991659356
8,16,0.3848713062275915,0.14821614212646247
8,17,0.5465579809756789,0.1572014338572829
8,18,0.37840938967538734,0.21496509591063473
8,19,0.5061171130619471,0.12608424501278703
8,20,0.4162225374234391,0.23605449233732329
8,21,0.42658560337447343,0.25909828550008024
8,22,0.38774773430959975,0.13595916957535947
8,23,0.36891180319192496,0.1861573590960696
8,24,0.3895630681325428,0.18478975037356363
8,25,0.4762462564332744,0.16740183827308217
8,26,0.6249535105337719,0.13148325366482538
8,27,0.39151976844186187,0.20056116912163227
8,28,0.3768492790867109,0.18663639012963731
8,29,0.46375390248489784,0.19798938174277705
8,30,0.48044191233272826,0.1574971767882099
9,1,0.4119252695862156,0.22844760234112532
9,2,0.3428251996888863,0.1816623789355744
9,3,0.39952271023258595,0.26111288787477194
9,4,0.3659122582992535,0.20552456693178187
9,5,0.46064712395398133,0.15099268187681092
9,6,0.36440919167159375,0.2198536336094657
9,7,0.43514121312454335,0.23358651347723727
9,8,0.4648286711212921,0.24092217393897364
9,9,0.4470842519239401,0.1852042265230813
9,10,0.5467014058786704,0.1406952273575929
9,11,0.3573175854375589,0.20909697759697113
9,12,0.5105311069854503,0.08899923591932846
9,13,0.4036560818900031,0.16649805531997333
9,14,0.4282365421436976,0.16921268198268072
9,15,0.40296266052751895,0.24572118791535041
9,16,0.4093244185546792,0.1894260571674726
9,17,0.3909062440474124,0.20479375138449715
9,18,0.47350154413270906,0.1983277878540737
9,19,0.4003317257710472,0.21051044203582275
9,20,0.38314592436376116,0.18760131901974988
9,21,0.46485249769242076,0.11586922997947456
9,22,0.3591368948385567,0.2032872496677226
9,23,0.42828652100870146,0.18688271722523808
9,24,0.48068017705665483,0.1937278736233799
9,25,0.4813855263623458,0.22347615447670416
9,26,0.39822869776486974,0.1462263834332001
9,27,0.41858552620162476,0.24838929014204553
9,28,0.4740325319410308,0.19191573483997593
9,29,0.512936887211011,0.18297757200330536
9,30,0.4081388395939413,0.14571130600623322
10,1,0.5248706084437802,0.18493423168798773
10,2,0.37776429197939826,0.16772938123619344
10,3,0.4680648725084973,0.13830029138004724
10,4,0.35758620072874314,0.15232967533987202
10,5,0.4430044019695022,0.1658709390137146
10,6,0.43651728680258517,0.15967570643673182
10,7,0.4036126670458662,0.17129440758948108
10,8,0.4847916989426781,0.17250728365010598
10,9,0.42939621735921624,0.16841847136655363
10,10,0.4407414115400889,0.16176389618578157
10,11,0.3762875548827233,0.1730401373468319
10,12,0.39782403646254494,0.1588491887178872
10,13,0.3908426125900041,0.190221500338341
10,14,0.3448729309379199,0.19798683128772657
10,15,0.43729458328030996,0.17997149552666852
10,16,0.38952477012812253,0.1549772948729314
10,17,0.39163704058200005,0.22723130953379303
10,18,0.38328780374245713,0.1353709660997315
10,19,0.45038374891926397,0.1480417937183893
10,20,0.42626164064167854,0.1726525165201985
10,21,0.38969367664062105,0.21656941149204956
10,22,0.3646459601804243,0.22120192336263683
10,23,0.3612166584267785,0.19666846214297676
10,24,0.39525634539375826,0.2089126654681208
10,25,0.3920450355842476,0.16736421599092818
10,26,0.3639419462798878,0.1746933624424508
10,27,0.39086441836485963,0.1635380174556434
10,28,0.40594686789974377,0.14827636805929048
10,29,0.3661810732137638,0.18705803689756606
10,30,0.3857220593715517,0.10897278946493354
11,1,0.3932096164370135,0.14787559175239348
11,2,0.4389285622136465,0.17353230400003353
11,3,0.3587690724707309,0.2000858294296208
11,4,0.3954984091899116,0.1762559778709769
11,5,0.3420411286710256,0.2344865415050507
11,6,0.3435411737858252,0.21322324764037148
11,7,0.3148170930222519,0.23975886669270502
11,8,0.4417518725172502,0.15738456184700472
11,9,0.3528803747087,0.18373417089992436
11,10,0.4394484252052614,0.26303211506451935
11,11,0.5546940239472995,0.21446064059181752
11,12,0.3592405945426649,0.17544210481439268
11,13,0.3576565049377447,0.18903340751200262
11,14,0.33985879563440724,0.18683551883704783
11,15,0.39204117981891395,0.11300639404123632
11,16,0.336496632393092,0.18135038979312018
11,17,0.3987596676231386,0.1079728531374087
11,18,0.45735065845218936,0.18846859776638825
11,19,0.4121200997177681,0.18831226058710837
11,20,0.39368570858632085,0.22870313486508748
11,21,0.3710846213250875,0.17583912354501027
11,22,0.3458493743960448,0.22567070138654777
11,23,0.3974109046500157,0.18425345874269253
11,24,0.3851638573847166,0.17343060320421871
11,25,0.41013919434433,0.17613100920962182
11,26,0.3543080180742129,0.24772359619907913
11,27,0.3202631975243384,0.1527847068240889
11,28,0.4943385062520563,0.15485966575818932
11,29,0.3996055567496276,0.19074958994318583
11,30,0.3509770714099267,0.13486836279208958
12,1,0.39317432881508674,0.205606276124068
12,2,0.3750848796427623,0.20480514312954023
12,3,0.4006636702333058,0.17961117641673846
12,4,0.419944083655108,0.19219076897443435
12,5,0.40899786476992295,0.16830321373475524
12,6,0.36334083245029825,0.19103805173469388
12,7,0.35258067218190225,0.1727060070632948
12,8,0.38297354560045427,0.15650514577070482
12,9,0.38951404590969974,0.18453134169636712
12,10,0.34479076761677935,0.16416589137971838
12,11,0.3224676605667273,0.1867951086360772
12,12,0.3390389587862205,0.25547798069640476
12,13,0.3944619197941446,0.15319781685564188
12,14,0.40213401784478836,0.20841721791939216
12,15,0.4207300656920149,0.21043939578118026
12,16,0.4061996176879188,0.1579646572220981
12,17,0.44005798391570616,0.19149299109832846
12,18,0.3551694941041547,0.18789746952695136
12,19,0.31730051220434446,0.18105700384911114
12,20,0.3192571699028796,0.17270418639472157
12,21,0.4279924415951781,0.14426886890924512
12,22,0.4327983977873862,0.13978879822438317
12,23,0.3776296374637823,0.18800266520358988
12,24,0.3928667203572371,0.1456007895003083
12,25,0.366416781871261,0.21172293383005347
12,26,0.3555104762769051,0.19449622522126814
12,27,0.40134599039153623,0.1365012886085738
12,28,0.35043433264277724,0.2089649487078935
12,29,0.3112078852738115,0.2219853384735828
12,30,0.35211133035986647,0.20378439726939745
13,1,0.3147498406397128,0.13711402316093058
13,2,0.3912668988185492,0.2141031390787778
13,3,0.345885048618952,0.1894682784748218
13,4,0.3064727432231863,0.21099212179996935
13,5,0.35360933482933377,0.1272998522402215
13,6,0.3782428316306904,0.16856183810198722
13,7,0.377986402664928,0.1825229324810365
13,8,0.396786691583819,0.21122821439798575
13,9,0.3597439851637138,0.18094559165747987
13,10,0.33172285224207076,0.17555130184826373
13,11,0.3694424399110584,0.26471764420343863
13,12,0.3708827576505984,0.19333971295009383
13,13,0.30104203229260024,0.2263567798448023
13,14,0.3697061402117016,0.19529309458490104
13,15,0.28634627841296734,0.16768967442235136
13,16,0.3589924009320052,0.13840569863981156
13,17,0.3319413714849828,0.2419990064469218
13,18,0.39407383140964375,0.2167794292404526
13,19,0.38228328826251823,0.18773516541300292
13,20,0.3925565424469694,0.22729505859827512
13,21,0.3273223400441557,0.20560365289786847
13,22,0.33141400208772365,0.20633350630669953
13,23,0.33541246476518044,0.20829353641227943
13,24,0.2876902238744139,0.20102401523939278
13,25,0.31984547813572567,0.21338372011368284
13,26,0.37361853455939287,0.2198159005825676
13,27,0.361999135048529,0.15855219053469446
13,28,0.39000583893681395,0.21000818012294925
13,29,0.31862159467723744,0.1888532909076795
13,30,0.3104107294650003,0.20298494828421887
14,1,0.34921641494948796,0.23999200853549635
14,2,0.3626813001562595,0.18692189163873948
14,3,0.5364436806291559,0.22347619538550847
14,4,0.2969690173849805,0.1367623426227706
14,5,0.3166850326925593,0.2131087814929334
14,6,0.38452833644887136,0.21781555132897068
14,7,0.3403088562175102,0.17053624344885315
14,8,0.3484773109634622,0.17164519585529045
14,9,0.3419505387962501,0.22756322529711695
14,10,0.2841061018909609,0.18285973764717323
14,11,0.31260985511624007,0.22424546604244816
14,12,0.31292488720246364,0.20137491291342893
14,13,0.39062365097312995,0.1634805213268454
14,14,0.39217713819062855,0.18334893574122366
14,15,0.31833394620061545,0.18479190861986194
14,16,0.3327789957266661,0.21871896837168706
14,17,0.30937940995558233,0.19791435209993846
14,18,0.35489626967400856,0.18213479538852312
14,19,0.3264680105936178,0.1456556554115927
14,20,0.38336438192196226,0.2027062293339846
14,21,0.3465481662213925,0.17281269713663897
14,22,0.33455107092114755,0.13931651346515364
14,23,0.45226864074300943,0.17920716033294046
14,24,0.2961225400482758,0.22417493072156625
14,25,0.31949406771047634,0.20477195685885247
14,26,0.33852967198690054,0.16163730234801818
14,27,0.37069080726709747,0.18530542934697244
14,28,0.37455033622392486,0.2016985432892443
14,29,0.33004049396534346,0.229747205507329
14,30,0.32999858073273935,0.1804342098510683
15,1,0.38630475606447967,0.2092893961055385
15,2,0.3686867900994575,0.2330149991825992
15,3,0.4059202349122311,0.2192044604951672
15,4,0.35685081550701725,0.18815841777677278
15,5,0.3322494507004237,0.2564373785681105
15,6,0.378883652571263,0.18482243155534397
15,7,0.33433690024126794,0.16654630520707706
15,8,0.3132277497727859,0.195818876910664
15,9,0.35387094767515553,0.22026502737110262
15,10,0.3212460594099631,0.1587517436540311
15,11,0.49500111139910263,0.17083396507646897
15,12,0.31289334782824607,0.22119410433548922
15,13,0.3137230026981972,0.24803210122335417
15,14,0.40617666098651,0.15022404694119465
15,15,0.34146440398664085,0.14052383051064846
15,16,0.28450971418148574,0.18185103398294594
15,17,0.2766993222063473,0.25535274766390176
15,18,0.3444102704967332,0.20181964190093737
15,19,0.30190877324950516,0.16101166126327487
15,20,0.3564696754550991,0.17247261099536862
15,21,0.3455439936968746,0.18886978295769202
15,22,0.399765067629804,0.16147984470732668
15,23,0.38784718166392884,0.20673064860864862
15,24,0.3577095305280714,0.1719236424132593
15,25,0.2876231569991862,0.23043010688593435
15,26,0.36001278686757204,0.1769879895193363
15,27,0.27497718817118805,0.22747429109599063
15,28,0.40819219653871974,0.21760504512035858
15,29,0.31130061579707236,0.24464337659087865
15,30,0.3270125019229764,0.17179954398221892
16,1,0.29807947866706247,0.2208535746814406
16,2,0.416325869576541,0.2129977952744786
16,3,0.28944297792627166,0.2453042738034649
16,4,0.30930939732086954,0.22088708462544082
16,5,0.2933009534438908,0.19227090844438816
16,6,0.30728937281645413,0.15641112941410729
16,7,0.33702346658983456,0.24226452973519583
16,8,0.32600484572605654,0.20817084249367807
16,9,0.33494412676769403,0.15658672892309566
16,10,0.3094777549054863,0.2221617962472089
16,11,0.29505143944141893,0.1532800751725036
16,12,0.31192291242171855,0.13574659789959628
16,13,0.3346864400431812,0.1800365943704611
16,14,0.3776446466382228,0.19441462388305736
16,15,0.32569249747092477,0.20857068952847943
16,16,0.2665668978378969,0.1900138256523367
16,17,0.301620289932622,0.20306251881908452
16,18,0.30630680276315303,0.16172641666420257
16,19,0.27465278480943095,0.20591362118443024
16,20,0.32274591074098696,0.1937267020467007
16,21,0.31938926834547293,0.22841242869637496
16,22,0.4924618199715408,0.18733431199874417
16,23,0.41212823456878706,0.1679445171113124
16,24,0.34224717991225384,0.14989297520367564
16,25,0.29121179154979343,0.19904070850918826
16,26,0.3141773734187519,0.15083328787150874
16,27,0.26776664393144767,0.18940257747702924
16,28,0.3885146598852163,0.16382984624774913
16,29,0.3933472677017148,0.17236466398850095
16,30,0.3169853432466957,0.16370169292206863
17,1,0.2964034970504238,0.2144652494493648
17,2,0.3140427617180171,0.197278389917133
17,3,0.3667482633017439,0.1863177119874063
17,4,0.26686427236401244,0.16779757396959297
17,5,0.283361191015211,0.18406801511031548
17,6,0.35463150246891434,0.19943365072347194
17,7,0.31718925051428404,0.260267942893171
17,8,0.308016077568219,0.24424139532037248
17,9,0.30841768821502447,0.22015312542648086
17,10,0.29706240421519664,0.2072110847703317
17,11,0.30746344692952743,0.19047942365204398
17,12,0.3272675338336371,0.20757208689272538
17,13,0.3405234383077302,0.22241583226606226
17,14,0.2812279374964224,0.20679389720481828
17,15,0.4187549234533414,0.19592688982321826
17,16,0.29603034357980457,0.15250044197285686
17,17,0.27501567414697375,0.1865333348908092
17,18,0.29326090288810197,0.23900574560831184
17,19,0.29430276111156145,0.2557621903662671
17,20,0.29097440195576724,0.20387918784850118
17,21,0.3186306977797233,0.21612584301961052
17,22,0.3388099330710264,0.2371498645986587
17,23,0.33820028989782314,0.17910618758185598
17,24,0.3216602746969373,0.189317024231566
17,25,0.34589144044203685,0.2195190657980435
17,26,0.27336272029046293,0.1848402178701022
17,27,0.3409648705559614,0.18684532365227946
17,28,0.2546137400603631,0.22378573313335498
17,29,0.29344639751869644,0.17917443603888952
17,30,0.2774584708464418,0.2313900216020691
18,1,0.3203360186790534,0.1589057157084285
18,2,0.3038127920374649,0.19659779092278157
18,3,0.3422951878090238,0.16007351107353132
18,4,0.33697174397695534,0.15966609910859775
18,5,0.2799793507923293,0.2442456458465917
18,6,0.3179092910162109,0.17758850745908744
18,7,0.3406307726473181,0.23301710382179325
18,8,0.3087102031827249,0.19441765878316045
18,9,0.28173131064016266,0.1996244983626214
18,10,0.3115340214754171,0.23156366425557393
18,11,0.36416953482620257,0.24766261202367643
18,12,0.29032821025394784,0.20336995417348533
18,13,0.29777528826803695,0.22796803967452153
18,14,0.29955720544315545,0.15030408270582293
18,15,0.3248464970908005,0.15182504109392161
18,16,0.2654004503837312,0.15760478210755474
18,17,0.2816334550115657,0.20090253682880632
18,18,0.2564909029277545,0.20420146757763083
18,19,0.319160559339827,0.21386053188253287
18,20,0.30032014262902346,0.18948041884767927
18,21,0.26963261646441034,0.18112166420048054
18,22,0.2779671099720824,0.2466398794859287
18,23,0.3095761408328344,0.1891399074382612
18,24,0.2659444982057778,0.21731241966158463
18,25,0.32076423277208066,0.1791260843802727
18,26,0.32986423974968043,0.1883665090247463
18,27,0.294949677073163,0.17014931356264917
18,28,0.3370501932176353,0.22855415555523384
18,29,0.3287466006923212,0.23454231007371465
18,30,0.2933067954163752,0.22332877532948991
19,1,0.27971605258808757,0.21049801716909294
19,2,0.32195483468964237,0.22467949945463636
19,3,0.31786579340382526,0.17337030555412206
19,4,0.27302378459852567,0.23852772005136222
19,5,0.2855320368262954,0.1591281470570631
19,6,0.28374178069255973,0.21128087250279698
19,7,0.28396801304044317,0.2106737458286144
19,8,0.3026881925930334,0.21453905363674894
19,9,0.29925563628105994,0.18247304283383212
19,10,0.3210416902778321,0.18706167547051378
19,11,0.2938932440022824,0.20401636664530193
19,12,0.2924882728033316,0.19669102194752774
19,13,0.28726943533063576,0.23774643730103528
19,14,0.30255938185295417,0.2114412539842353
19,15,0.2986167576677213,0.23033459009642732
19,16,0.3061921354439796,0.20177960104110973
19,17,0.2613511231392859,0.23612145017807135
19,18,0.27665217308845835,0.20487956753753642
19,19,0.3170896944721668,0.19175705756659625
19,20,0.24944404481182206,0.18932010766190405
19,21,0.28465720224030866,0.2193580641000076
19,22,0.33620044529623017,0.1748103762599185
19,23,0.3011382482777637,0.19875321517540473
19,24,0.25989629882669657,0.20772389968136593
19,25,0.32633068587191094,0.21795488516019842
19,26,0.3113269421325217,0.21734453862553957
19,27,0.272120857620378,0.22116053801351288
19,28,0.2575046523966706,0.19705680166388304
19,29,0.30132200865992864,0.19955393788954798
19,30,0.2917712401432512,0.2249834651428414
20,1,0.2555294094476786,0.17789658679011078
20,2,0.2894764001446229,0.23868593884612962
20,3,0.3058968659366464,0.1862861741839466
20,4,0.28812369007813116,0.19189522971942063
20,5,0.33323648449521814,0.18963271486576558
20,6,0.30297042485193243,0.21918204838133082
20,7,0.2578685574620996,0.1984957235235744
20,8,0.2652461570462195,0.20015342610468084
20,9,0.2486427959128808,0.24038059897887118
20,10,0.3562524865589681,0.1337359403456913
20,11,0.27497182723646313,0.21485985132063917
20,12,0.37394927757125085,0.16128325918120825
20,13,0.2551472567101456,0.19257441891559676
20,14,0.27058850262668976,0.2099814453928083
20,15,0.2692821597189534,0.22390633111238892
20,16,0.2715661774340118,0.22903895160966875
20,17,0.31139579311214044,0.13223465791258454
20,18,0.2725094156281972,0.2146236102373578
20,19,0.37393368900071,0.18462604952467587
20,20,0.27959997554854515,0.18591608881887173
20,21,0.27668544380835985,0.2291370933700411
20,22,0.34005626637668657,0.1783216626688004
20,23,0.2532724724889904,0.22281088799278062
20,24,0.3064655334191429,0.25776885759909224
20,25,0.30116772013215226,0.2289478657749453
20,26,0.28038980677891095,0.23620194914695777
20,27,0.27783239742000243,0.21275036179078796
20,28,0.2559991409465002,0.15136739711452965
20,29,0.2954916465021862,0.252033441590124
20,30,0.30392117874807595,0.17645437450287743
21,1,0.3711272739450602,0.1826356233747829
21,2,0.23900070462952727,0.21571512726155684
21,3,0.2892263813924559,0.22000803007249106
21,4,0.2686586148303514,0.26607430540526245
21,5,0.2812035545731811,0.14633224927077548
21,6,0.27786533043905576,0.16753721715977174
21,7,0.23866738653748704,0.25627706893010527
21,8,0.2906209597549835,0.17997497065815962
21,9,0.30371104929119785,0.25854117710014707
21,10,0.26611514751122545,0.23560008723215217
21,11,0.28577411774102324,0.18925228603046312
21,12,0.254323269670238,0.16649959419163365
21,13,0.28432339029621617,0.2066347104540851
21,14,0.26325104637428454,0.18519025957660623
21,15,0.2606050536770225,0.20292132497850796
21,16,0.2869755845154779,0.19877238992801263
21,17,0.24573454434372666,0.22928745164469247
21,18,0.3004631775509022,0.14905990607888195
21,19,0.2789856992519601,0.2508330859590958
21,20,0.23142561792033942,0.21048102678849054
21,21,0.3128158672363811,0.20729904277992942
21,22,0.3478065613806511,0.19724573766862666
21,23,0.2663347115457415,0.19980637856523425
21,24,0.23324771724387575,0.20930332423387663
21,25,0.3357809850661786,0.19068472695331853
21,26,0.2328815919586536,0.21647202353336545
21,27,0.27879765102017745,0.20798078976786774
21,28,0.27607680944983537,0.15789501635513875
21,29,0.3275551333410396,0.21430247377828682
21,30,0.2885101270483483,0.22318495813373065
22,1,0.2675482171760663,0.14805766730000533
22,2,0.3013220821799254,0.1868674367155413
22,3,0.27048479618371823,0.22692679017140865
22,4,0.2291717741797418,0.200952975354443
22,5,0.34982924078382166,0.2523421405953222
22,6,0.25143105337909405,0.2122044489876708
22,7,0.2899525490600897,0.19821558369917788
22,8,0.23717322320836925,0.20829532765353076
22,9,0.25274443138475355,0.15986867340172828
22,10,0.24340711852505492,0.2426297623647579
22,11,0.26412050539563925,0.19540954844056582
22,12,0.2248892749068296,0.20950703300950052
22,13,0.26435350279288794,0.21489473399676043
22,14,0.2757977143537452,0.17983373868477473
22,15,0.2973960399174887,0.2171153707385112
22,16,0.3077993307602213,0.17100723973204124
22,17,0.272234756623354,0.1497808141224954
22,18,0.2770249920080062,0.2491855052498304
22,19,0.2590141213325914,0.2019242866980289
22,20,0.26233435873338,0.18452816330540087
22,21,0.3341002861334347,0.1898386757939079
22,22,0.24755709169339507,0.19338589987147997
22,23,0.27713627027916893,0.21946364584419298
22,24,0.2503918504013673,0.2277525234200319
22,25,0.2942226376844526,0.18656258111569718
22,26,0.26501892412992156,0.20570331274497608
22,27,0.27778539423284576,0.19903468365333732
22,28,0.27828468075877133,0.18967536101204102
22,29,0.3071283222252324,0.17182918768855424
22,30,0.2715537858874226,0.23042297421510485
23,1,0.28636504160270293,0.1826745623010131
23,2,0.32384531204125055,0.2012040847493363
23,3,0.2718699423452861,0.24493699921611095
23,4,0.2447912813022351,0.1895412663404126
23,5,0.288606234802358,0.24494026077412112
23,6,0.2571918616843734,0.17084931855407415
23,7,0.23235938731887434,0.17470487959768205
23,8,0.2792726734240723,0.197960006722158
23,9,0.28330559578764275,0.19173202330678527
23,10,0.26405721556875167,0.2078032368331389
23,11,0.24001276027016308,0.18903254415545398
23,12,0.24827172812677728,0.2200718575616653
23,13,0.2576849734919828,0.19285659847150322
23,14,0.24065162521067862,0.22197800653842167
23,15,0.2789160011702195,0.1687249408587722
23,16,0.2643088939924147,0.17906577576958463
23,17,0.28429268251759354,0.18398466828269883
23,18,0.2656073060037803,0.21521528483438512
23,19,0.2625587961057125,0.19593448353055476
23,20,0.3146074850309976,0.24886655880418496
23,21,0.24263470323145828,0.19597509527749252
23,22,0.2502813487689667,0.22928543999642528
23,23,0.2642653748402751,0.18716889602493628
23,24,0.27604237069055637,0.14534375252574677
23,25,0.2350863080202644,0.15350683382087915
23,26,0.23083775806386744,0.20800700860248084
23,27,0.27237385828926886,0.23970032667424468
23,28,0.22649156546228327,0.21913780120625448
23,29,0.2764063067235081,0.2207805684040099
23,30,0.2528726518638047,0.21254719724562143
24,1,0.253737027747812,0.2105351874110019
24,2,0.24056173571371076,0.1993586874898061
24,3,0.279824276441568,0.20144581749018187
24,4,0.2476294651541478,0.20782626296374995
24,5,0.30878265765532015,0.16259434363159483
24,6,0.2548411811683829,0.180374177013245
24,7,0.2683684914094653,0.1899419745221502
24,8,0.23056630766201405,0.24503812006645503
24,9,0.2834534851442263,0.1893501422321904
24,10,0.253206885686814,0.19378361267572733
24,11,0.2451618320837344,0.21876591889870253
24,12,0.2449759288580031,0.18315536578972252
24,13,0.291237630331266,0.19528695338699406
24,14,0.263989578064023,0.20486615121695492
24,15,0.24714249307732983,0.21507571537341844
24,16,0.24931814667718064,0.2263453451145103
24,17,0.2606344885038887,0.21989121991402255
24,18,0.28900181682127196,0.19114413138376135
24,19,0.2442316648511804,0.15753905585145325
24,20,0.26888115908387794,0.15695111785569715
24,21,0.2794094679420642,0.2578969318682101
24,22,0.2848812385014853,0.1820158604125313
24,23,0.25285805352735236,0.1956811466393097
24,24,0.25832842690290037,0.2231520663050447
24,25,0.2548235949505921,0.2515377042187896
24,26,0.23469719529230487,0.16842001783344196
24,27,0.25569057593464495,0.22609066744609074
24,28,0.23962751209788413,0.22050688348460684
24,29,0.22908980984856542,0.21014189738300013
24,30,0.310031894490068,0.21615499070276709
25,1,0.2388476614720164,0.21002482232182043
25,2,0.2662402045624689,0.23361012796783379
25,3,0.25691352285748564,0.2203555223461381
25,4,0.25685303034586654,0.2366952950233545
25,5,0.23141705066535823,0.263899789115227
25,6,0.2463740593542016,0.1909540601386139
25,7,0.2906956150668158,0.1695221926514501
25,8,0.27777856979450816,0.2069556092519422
25,9,0.25685998248542535,0.22860487349072894
25,10,0.22601746096045083,0.23047873367136418
25,11,0.27912221472331733,0.26606467939919415
25,12,0.26148206401863267,0.20202368480210808
25,13,0.2538381147986274,0.16491038546510453
25,14,0.26567929281222263,0.18218571821650142
25,15,0.2599326520456212,0.23334589140129702
25,16,0.24730080654998,0.23411354327931716
25,17,0.26392621711519765,0.16854055247316352
25,18,0.25877729600591404,0.1780438503824133
25,19,0.2638570580433852,0.19797156438498237
25,20,0.2642971911659351,0.1949607642634323
25,21,0.2340194611283814,0.20699073410294727
25,22,0.23689935136711818,0.1707416607160491
25,23,0.27334435381955635,0.20137471479654565
25,24,0.20774197111931458,0.23628952670986408
25,25,0.2845517893649723,0.21166891635189564
25,26,0.28958487095181046,0.20965633885653315
25,27,0.28301854649467467,0.16228947320048975
25,28,0.22987981259703372,0.2142552207661376
25,29,0.2846545103743143,0.16106749274972354
25,30,0.27093339906125297,0.1987349832549299
26,1,0.2713915100572661,0.17288313007474698
26,2,0.25965037128132323,0.19692204598976273
26,3,0.28709100327816706,0.22204986273142002
26,4,0.23500135863951507,0.19765775949278327
26,5,0.26919475386632363,0.17345646873231588
26,6,0.22417123145294668,0.21753050583702255
26,7,0.23099976030071034,0.1918456656905319
26,8,0.25805567971421595,0.20394580078739985
26,9,0.21576723348780405,0.21603800510118423
26,10,0.2588905818232141,0.21855714955183705
26,11,0.2561075223246253,0.20490244997063414
26,12,0.2548293981713714,0.23080886731335354
26,13,0.24735947747777565,0.1839190845213649
26,14,0.23201061197136016,0.22308316294853553
26,15,0.2469367753250408,0.19323635509063256
26,16,0.2527882077942494,0.1924485154759399
26,17,0.26820154269320934,0.20425381206516105
26,18,0.24289639295466903,0.1695779469608243
26,19,0.23177557259019824,0.21447408939191312
26,20,0.2305641332447039,0.2155800968853757
26,21,0.223456809784271,0.19003241889915665
26,22,0.24186157337894015,0.22927546409636526
26,23,0.22306421884441563,0.20260919298068555
26,24,0.2183137409142083,0.20216675445353033
26,25,0.2971587031918017,0.20778589296932254
26,26,0.24784409267847932,0.20785984422850834
26,27,0.23037001191975962,0.25925371275427
26,28,0.22042449880569495,0.19868107613698147
26,29,0.22744470726706223,0.25470286742969067
26,30,0.22223118248583937,0.16221033869594248
27,1,0.2216310071101851,0.19802178346980695
27,2,0.23440935850393196,0.2062560469148321
27,3,0.23933840802037684,0.2247948992185642
27,4,0.22901853611741393,0.21707762556546692
27,5,0.23505741821863674,0.22449862499116258
27,6,0.2411199674969866,0.253887117944642
27,7,0.23904298305118285,0.16403871177740204
27,8,0.23570808457058587,0.22262540543280734
27,9,0.2115926442243783,0.18907678194069275
27,10,0.23229180578334854,0.17953996488438792
27,11,0.27321670200742937,0.1663001280215885
27,12,0.19952006221529098,0.23003892432021414
27,13,0.2044013307715589,0.19832022183492198
27,14,0.23293518853148248,0.21669723637222651
27,15,0.24594621140682255,0.20729231825315536
27,16,0.23296428497925087,0.22767428248887636
27,17,0.22996426593141836,0.21945474359583497
27,18,0.23745887210509656,0.21330795218860737
27,19,0.2887143247892806,0.21070996239893952
27,20,0.23948364079902323,0.1791225552534629
27,21,0.23457720025235546,0.2172144741669801
27,22,0.21952154277951816,0.1797938691087857
27,23,0.2326626472164106,0.23493847309318458
27,24,0.2547260446456811,0.205809550396084
27,25,0.2723917579112328,0.14381170555822906
27,26,0.23462022345557718,0.23416642968593945
27,27,0.23503943065806887,0.14514307797334533
27,28,0.2342072138009585,0.21721584385316095
27,29,0.2235467030348689,0.21380112325306272
27,30,0.2459002981508322,0.2268484211246535
28,1,0.2443308830430946,0.17405838580102076
28,2,0.21581290061404057,0.19195946049726081
28,3,0.2563854012181498,0.20075627137612567
28,4,0.2456539942737984,0.16123772452710933
28,5,0.21003039302812726,0.1794714338303762
28,6,0.23085473063782855,0.2751436221403017
28,7,0.2493224089372209,0.19020267497650814
28,8,0.2564395091957081,0.16191340625003148
28,9,0.2265013191492354,0.19521456834841705
28,10,0.20506738852393863,0.19096800923405305
28,11,0.2210890637491775,0.23424266120540635
28,12,0.2207245977300752,0.20713368809546426
28,13,0.2639960777738695,0.2266228776928965
28,14,0.2222085976295158,0.20209748406972383
28,15,0.2272431646976595,0.1845733570322556
28,16,0.25008384469043954,0.1933438950387167
28,17,0.26363710670945545,0.17830691201672985
28,18,0.2567406342122125,0.1849497436561291
28,19,0.2525700426122578,0.16955702957095398
28,20,0.2256445892306585,0.18804698888693502
28,21,0.19881012435176318,0.21380462601846878
28,22,0.22365797384769867,0.20930577550110518
28,23,0.21210519986916757,0.22506317616935426
28,24,0.22443356113226604,0.15413633662243126
28,25,0.25439385409132603,0.2042356564301121
28,26,0.2765873984827719,0.1913830201047258
28,27,0.2216341474708242,0.2030840416678327
28,28,0.22290705156806456,0.19045198595664384
28,29,0.2972424889379088,0.18037285469695002
28,30,0.2341336004809024,0.1816815133250733
29,1,0.23665579232182632,0.21424874867600346
29,2,0.25020352332056767,0.20977665484005228
29,3,0.22258283731276807,0.19798895787841345
29,4,0.2527346370312744,0.1766591768170437
29,5,0.22007138290742914,0.21755891994379695
29,6,0.2100150997270441,0.18865227686655092
29,7,0.2222486290888181,0.20958644703413953
29,8,0.21636838756233062,0.16422846350878326
29,9,0.21972822235142425,0.20225842387399945
29,10,0.21206323139277763,0.165311712274518
29,11,0.23574532688474373,0.20742556479391736
29,12,0.21889147874541412,0.1910608827479943
29,13,0.22689927490398268,0.20848291907762626
29,14,0.22929401658587645,0.228453189244621
29,15,0.2117180510583149,0.20192015022616852
29,16,0.22733323582831927,0.20483505983033273
29,17,0.26613398833114305,0.17226370383112208
29,18,0.2294880025119216,0.24846825371561204
29,19,0.25162989451575285,0.20290097082914357
29,20,0.22656309217143383,0.18965768724211812
29,21,0.22703123777845435,0.18549483994074048
29,22,0.23874636894977355,0.1968720373654134
29,23,0.2707458845200764,0.25898763183789436
29,24,0.23116127541781098,0.24014131205003778
29,25,0.2113966209630384,0.20508357262182902
29,26,0.23404823545736284,0.19169121070552642
29,27,0.1972029178759382,0.19316600212224314
29,28,0.2134116081224589,0.19462753193644594
29,29,0.30908065237110893,0.15723030333146917
29,30,0.22567796667680706,0.22057164655569356
30,1,0.23810992324973873,0.19931273882127537
30,2,0.23738356629775695,0.20031557163389838
30,3,0.21982587542586082,0.18737546473474678
30,4,0.2563192696134923,0.20549635934718105
30,5,0.21397759390242457,0.1748750541824005
30,6,0.2316615446081356,0.23936212976336246
30,7,0.25122786506769756,0.20846854746528945
30,8,0.2302293210535686,0.20882441145525937
30,9,0.21462550176883838,0.2438802876191444
30,10,0.22252752081254543,0.2339532664023317
30,11,0.20546423204646852,0.23078014086898657
30,12,0.22601681377067206,0.23065384268069333
30,13,0.255668715370286,0.16857184510117365
30,14,0.222298448192997,0.24285655691953906
30,15,0.20439990838350286,0.2081025334492427
30,16,0.22596120543302212,0.2015561614790447
30,17,0.2254322849328707,0.16915392786683223
30,18,0.2396139843432625,0.1833370651212882
30,19,0.21718876958225522,0.23261688284643234
30,20,0.24016446902065958,0.19232858475305703
30,21,0.263715573462687,0.1873779816558518
30,22,0.22117135753289538,0.2450956463830609
30,23,0.27823657766398013,0.16450381231379688
30,24,0.23867858948302467,0.24748281723224616
30,25,0.26609777708821725,0.18587724697941
30,26,0.2433902979808642,0.2431972175497512
30,27,0.2755868283764337,0.16506326402211302
30,28,0.2678317237647129,0.17555204679763306
30,29,0.30253351888738483,0.23069841141387454
30,30,0.224187286504912,0.20541081587151191
